Book_page,Year,Site,Nest_ID,Species,Observer,Date_found,how_found,Clutch_max,floatAge,ageMethod
b14.6,2014,chur,14HPE1,sepl,vloverti,2014-06-14,,3,,
b11.7,2011,eaba,11eaba,wrsa,bhill,2011-07-10,searcher,4,,
b11.6,2011,eaba,11eabaagc01,amgp,dkessler,2011-06-24,searcher,4,6.0,float
b11.6,2011,eaba,11eabaagv01,amgp,dkessler,2011-06-25,searcher,3,3.0,float
b11.6,2011,eaba,11eababbc02,bbpl,dkessler,2011-06-24,searcher,4,4.0,float
b11.7,2011,eaba,11eababsv01,wrsa,bhill,2011-07-07,searcher,4,2.0,float
b11.6,2011,eaba,11eabaduh01,dunl,dkessler,2011-06-28,searcher,3,2.0,float
b11.6,2011,eaba,11eabaduv01,dunl,dkessler,2011-06-29,searcher,4,5.0,float
b11.7,2011,eaba,11eabarpc01,reph,bhill,2011-07-08,searcher,4,4.0,float
b11.7,2011,eaba,11eabarpc02,reph,bhill,2011-07-08,searcher,3,4.0,float
b11.7,2011,eaba,11eabarpc03,reph,bhill,2011-07-09,searcher,4,6.0,float
b11.7,2011,eaba,11eabarph04,reph,rlanctot,2011-07-04,searcher,4,5.0,float
b11.7,2011,eaba,11eabarph05,reph,rlanctot,2011-07-05,searcher,4,4.0,float
b11.7,2011,eaba,11eabarph06,reph,bhill,2011-07-06,searcher,3,4.0,float
b11.7,2011,eaba,11eabarph07,reph,bhill,2011-07-08,searcher,4,4.0,float
b11.7,2011,eaba,11eabarph08,reph,jzamuido,2011-07-13,searcher,4,5.0,float
b11.7,2011,eaba,11eabarpm02,reph,bhill,2011-07-07,searcher,4,4.0,float
b11.7,2011,eaba,11eabarth07,rutu,jzamuido,2011-07-15,searcher,4,12.0,float
b11.6,2011,eaba,11eabartm01,rutu,dkessler,2011-06-26,searcher,4,3.0,float
b11.6,2011,eaba,11eabaspc01,sepl,dkessler,2011-06-29,searcher,4,4.0,float
b11.6,2011,eaba,11eabaspc02,sepl,dkessler,2011-06-30,searcher,4,9.0,float
b11.6,2011,eaba,11eabasph04,sepl,dkessler,2011-06-29,searcher,4,7.0,hatch
b11.6,2011,eaba,11eabasph05,sepl,dkessler,2011-06-29,searcher,4,6.0,hatch
b11.6,2011,eaba,11eabaspm01,sepl,dkessler,2011-06-26,searcher,3,0.0,float
b11.6,2011,eaba,11eabaspm02,sepl,dkessler,2011-06-26,searcher,4,8.0,float
b11.6,2011,eaba,11eabaspm03,sepl,dkessler,2011-06-30,searcher,4,2.0,float
b11.6,2011,eaba,11eabaspv01,sepl,dkessler,2011-06-28,searcher,4,9.0,hatch
b11.6,2011,eaba,11eabawrc01,wrsa,dkessler,2011-06-24,searcher,4,4.0,hatch
b11.7,2011,eaba,11eabawrc03,wrsa,jzamuido,2011-07-13,searcher,4,2.0,float
b11.7,2011,eaba,11eabawrc04,wrsa,jzamuido,2011-07-13,searcher,3,2.0,float
b11.7,2011,eaba,11eabawrc05,wrsa,jzamuido,2011-07-13,searcher,4,11.0,float
b11.7,2011,eaba,11eabawrc06,wrsa,jzamuido,2011-07-19,searcher,4,2.0,float
b11.7,2011,eaba,11eabawrc07,wrsa,jzamuido,2011-07-19,searcher,3,11.0,float
b11.7,2011,eaba,11eabawrh02,wrsa,rlanctot,2011-07-05,searcher,4,3.0,float
b11.7,2011,eaba,11eabawrh03,wrsa,rlanctot,2011-07-05,searcher,3,3.0,float
b11.7,2011,eaba,11eabawrh04,wrsa,bhill,2011-07-06,searcher,4,3.0,float
b11.7,2011,eaba,11eabawrh05,wrsa,jzamuido,2011-07-16,searcher,3,3.0,float
b11.7,2011,eaba,11eabawrh06,wrsa,jzamuido,2011-07-19,searcher,4,3.0,float
b11.7,2011,eaba,11eabawrh07,wrsa,jzamuido,2011-07-19,searcher,4,12.0,float
b11.6,2011,eaba,11eabawrm01,wrsa,abankert,2011-06-20,searcher,4,3.0,float
b11.7,2011,eaba,11eabawrm04,wrsa,ssaalfeld,2011-07-02,searcher,4,5.0,hatch
b11.7,2011,eaba,11eabawrm06,wrsa,bhill,2011-07-10,searcher,3,0.0,float
b13.6,2013,eaba,13eababba01,bbpl,amould,2013-06-25,searcher,4,3.0,float
b13.6,2013,eaba,13eababba04,bbpl,amould,2013-06-27,searcher,4,3.0,float
b13.6,2013,eaba,13eababbs01,bbpl,amould,2013-06-24,searcher,2,,
b13.7,2013,eaba,13eabadue01,dunl,amould,2013-07-01,searcher,2,,
b13.6,2013,eaba,13eabarpa01,reph,amould,2013-06-27,searcher,4,2.0,float
b13.7,2013,eaba,13eabarpa05,reph,amould,2013-07-02,searcher,1,,
b13.7,2013,eaba,13eabarpe04,reph,rlanctot,2013-07-04,searcher,3,,
b13.7,2013,eaba,13eabarpl01,reph,amould,2013-07-02,searcher,3,,
b13.7,2013,eaba,13eabarps03,reph,rlanctot,2013-07-04,searcher,4,5.0,float
b13.7,2013,eaba,13eabarps05,reph,wenglish,2013-07-12,searcher,4,1.0,float
b13.7,2013,eaba,13eabarue01,rutu,amould,2013-07-03,searcher,4,11.0,float
b13.7,2013,eaba,13eabarus03,rutu,wenglish,2013-07-09,searcher,4,4.0,float
b13.7,2013,eaba,13eabasee01,sesa,amould,2013-07-01,searcher,4,,float
b13.7,2013,eaba,13eabasee02,sesa,amould,2013-07-02,searcher,4,8.0,float
b13.6,2013,eaba,13eabaspl01,sepl,amould,2013-06-25,searcher,4,4.0,hatch
b13.6,2013,eaba,13eabaspl02,sepl,amould,2013-06-27,searcher,4,10.0,hatch
b13.6,2013,eaba,13eabawra02,wrsa,amould,2013-06-25,searcher,4,7.0,hatch
b13.6,2013,eaba,13eabawra03,wrsa,amould,2013-06-25,searcher,4,6.0,float
b13.7,2013,eaba,13eabawra04,wrsa,amould,2013-07-02,searcher,1,,lay
b13.7,2013,eaba,13eabawra05,wrsa,wenglish,2013-07-07,searcher,4,4.0,float
b13.7,2013,eaba,13eabawra06,wrsa,wenglish,2013-07-08,searcher,4,10.0,float
b13.7,2013,eaba,13eabawra07,wrsa,wenglish,2013-07-11,searcher,3,4.0,float
b13.7,2013,eaba,13eabawra08,wrsa,wenglish,2013-07-12,searcher,2,,
b13.7,2013,eaba,13eabawre01,wrsa,amould,2013-07-01,searcher,4,,float
b13.7,2013,eaba,13eabawre02,wrsa,amould,2013-07-01,searcher,4,,
b13.7,2013,eaba,13eabawre03,wrsa,rlanctot,2013-07-04,searcher,4,10.0,hatch
b13.7,2013,eaba,13eabawre04,wrsa,wenglish,2013-07-10,searcher,4,,
b13.7,2013,eaba,13eabawre05,wrsa,wenglish,2013-07-10,searcher,3,,
b13.6,2013,eaba,13eabawrl01,wrsa,dkessler,2013-06-21,searcher,4,,hatch
b13.6,2013,eaba,13eabawrl02,wrsa,amould,2013-06-27,searcher,4,3.0,hatch
b13.7,2013,eaba,13eabawrl03,wrsa,rlanctot,2013-07-04,searcher,4,4.0,float
b13.7,2013,eaba,13eabawrl04,wrsa,wenglish,2013-07-06,searcher,4,12.0,float
b13.7,2013,eaba,13eabawrl05,wrsa,bkaselow,2013-07-18,searcher,4,10.0,float
b13.7,2013,eaba,13eabawrl06,wrsa,bkaselow,2013-07-19,searcher,3,10.0,float
b13.6,2013,eaba,13eabawrs01,wrsa,dkessler,2013-06-21,searcher,3,,lay
b13.6,2013,eaba,13eabawrs02,wrsa,amould,2013-06-28,searcher,5,3.0,hatch
b13.7,2013,eaba,13eabawrs03,wrsa,amould,2013-07-01,searcher,4,10.0,hatch
b13.7,2013,eaba,13eabawrs04,wrsa,amould,2013-07-02,searcher,4,10.0,hatch
b13.7,2013,eaba,13eabawrs05,wrsa,wenglish,2013-07-08,searcher,4,14.0,hatch
b10.6,2010,ikpi,10ikpi10cjs001,sesa,bhill,2010-06-11,rope,3,,lay
b10.6,2010,ikpi,10ikpi10cjs002,dunl,bhill,2010-06-11,bander,2,,lay
b10.6,2010,ikpi,10ikpi10cjs004,sesa,bhill,2010-06-14,rope,4,,float
b10.6,2010,ikpi,10ikpi10cjs007,reph,bhill,2010-06-14,rope,4,,float
b10.6,2010,ikpi,10ikpi10cjs015,dunl,lworing,2010-06-18,bander,4,,float
b10.6,2010,ikpi,10ikpi10cjs020,reph,bhill,2010-06-15,rope,4,,float
b10.6,2010,ikpi,10ikpi10cjs022,sesa,bhill,2010-06-15,rope,4,,float
b10.6,2010,ikpi,10ikpi10cjs023,sesa,bhill,2010-06-15,rope,4,,float
b10.6,2010,ikpi,10ikpi10cjs024,sesa,bhill,2010-06-15,rope,4,,float
b10.6,2010,ikpi,10ikpi10cjs025,dunl,bhill,2010-06-15,rope,4,,float
b10.6,2010,ikpi,10ikpi10cjs026,sesa,bhill,2010-06-15,rope,4,,float
b10.6,2010,ikpi,10ikpi10cjs027,sesa,bhill,2010-06-16,rope,4,,float
b10.6,2010,ikpi,10ikpi10cjs028,bbpl,bhill,2010-06-16,rope,4,,float
b10.6,2010,ikpi,10ikpi10cjs029,sesa,bhill,2010-06-16,rope,4,,float
b10.6,2010,ikpi,10ikpi10cjs030,sesa,bhill,2010-06-16,rope,4,,float
b10.6,2010,ikpi,10ikpi10cjs031,sesa,bhill,2010-06-16,rope,4,,float
b10.6,2010,ikpi,10ikpi10cjs032,sesa,bhill,2010-06-16,rope,4,,float
b10.6,2010,ikpi,10ikpi10cjs035,btgo,bhill,2010-06-16,rope,,,
b10.6,2010,ikpi,10ikpi10cjs036,dunl,bhill,2010-06-16,rope,4,,float
b10.6,2010,ikpi,10ikpi10cjs037,pesa,lworing,2010-06-22,rope,4,,
b10.6,2010,ikpi,10ikpi10cjs038,pesa,lworing,2010-06-25,rope,4,,float
b10.6,2010,ikpi,10ikpi10cjs039,pesa,lworing,2010-06-25,rope,4,,float
b10.6,2010,ikpi,10ikpi10cjs040,lbdo,lworing,2010-06-25,rope,2,,lay
b10.6,2010,ikpi,10ikpi10cjs041,sesa,rlanctot,2010-06-26,bander,4,,float
b10.6,2010,ikpi,10ikpi10cjs042,sesa,rlanctot,2010-06-26,bander,4,,float
b10.6,2010,ikpi,10ikpi10cjs044,pesa,rlanctot,2010-06-27,bander,4,,float
b10.6,2010,ikpi,10ikpi10cjs047,pesa,mbwunder,2010-06-28,bander,4,,
b10.7,2010,ikpi,10ikpi10cjs051,rnph,rlanctot,2010-07-03,bander,4,,float
b10.6,2010,ikpi,10ikpi10cmb007,dunl,bhill,2010-06-12,bander,3,,lay
b10.6,2010,ikpi,10ikpi10cmb011,pesa,lworing,2010-06-19,rope,4,,float
b10.6,2010,ikpi,10ikpi10cmb015,pesa,mbwunder,2010-06-30,rope,,,
b10.6,2010,ikpi,10ikpi10cmb017,pesa,mbwunder,2010-06-30,,4,,float
b10.6,2010,ikpi,10ikpi10cmb018,btgo,mbwunder,2010-06-30,bander,,,
b10.6,2010,ikpi,10ikpi10vj012,rnph,bhill,2010-06-12,,1,,lay
b10.6,2010,ikpi,10ikpi10vj013,sesa,bhill,2010-06-12,,4,,float
b10.6,2010,ikpi,10ikpi10vj014,dunl,bhill,2010-06-12,rope,1,,lay
b10.6,2010,ikpi,10ikpi10vj015,sesa,bhill,2010-06-12,rope,3,,lay
b10.6,2010,ikpi,10ikpi10vj016,sesa,bhill,2010-06-12,rope,4,,float
b10.6,2010,ikpi,10ikpi10vj017,sesa,bhill,2010-06-12,,3,,lay
b10.6,2010,ikpi,10ikpi10vj018,sesa,bhill,2010-06-13,rope,4,,float
b10.6,2010,ikpi,10ikpi10vj019,sesa,bhill,2010-06-13,rope,4,,float
b10.6,2010,ikpi,10ikpi10vj021,sesa,bhill,2010-06-13,rope,3,,lay
b10.6,2010,ikpi,10ikpi10vj023,sesa,bhill,2010-06-13,rope,3,,lay
b10.6,2010,ikpi,10ikpi10vj024,sesa,bhill,2010-06-13,rope,3,,lay
b10.6,2010,ikpi,10ikpi10vj025,sesa,bhill,2010-06-13,bander,3,,lay
b10.6,2010,ikpi,10ikpi10vj026,reph,bhill,2010-06-13,rope,4,,float
b10.6,2010,ikpi,10ikpi10vj027,dunl,bhill,2010-06-13,rope,3,,lay
b10.6,2010,ikpi,10ikpi10vj028,dunl,bhill,2010-06-13,rope,4,,float
b10.6,2010,ikpi,10ikpi10vj031,sesa,bhill,2010-06-13,rope,4,,float
b10.6,2010,ikpi,10ikpi10vj054,sesa,lworing,2010-06-19,,4,,float
b10.6,2010,ikpi,10ikpi10vj056,pesa,lworing,2010-06-19,bander,4,,float
b10.6,2010,ikpi,10ikpi10vj060,sesa,lworing,2010-06-20,bander,4,,float
b10.6,2010,ikpi,10ikpi10vj064,sesa,lworing,2010-06-20,rope,4,,float
b10.6,2010,ikpi,10ikpi10vj078,dunl,lworing,2010-06-23,rope,3,,
b10.6,2010,ikpi,10ikpi10vj083,dunl,lworing,2010-06-24,rope,4,,float
b10.6,2010,ikpi,10ikpi10vj090,rnph,lworing,2010-06-25,bander,3,,
b10.7,2010,ikpi,10ikpi10vj094,sesa,rlanctot,2010-07-02,bander,,,
b11.7,2011,eaba,11eabarph03,reph,dkessler,2011-07-01,searcher,4,4.0,float
b11.6,2011,eaba,11eabasph01,sepl,abankert,2011-06-22,searcher,4,3.0,hatch
b11.6,2011,eaba,11eabasph03,sepl,abankert,2011-06-23,searcher,4,4.0,float
b11.6,2011,eaba,11eabawrh01,wrsa,dkessler,2011-06-28,searcher,4,4.0,float
b11.6,2011,eaba,11eabawrm02,wrsa,abankert,2011-06-20,searcher,4,0.0,lay
b11.6,2011,eaba,11eabawrm03,wrsa,abankert,2011-06-21,searcher,3,,
b11.6,2011,eaba,11eabawrv01,wrsa,abankert,2011-06-22,searcher,4,3.0,float
b13.6,2013,eaba,13eabaspp02,sepl,amould,2013-06-27,searcher,4,,lay
b11.7,2011,eaba,11eabarph02,reph,dkessler,2011-07-01,searcher,4,,
b11.7,2011,eaba,11eabarpm01,reph,dkessler,2011-07-01,searcher,3,,
b11.6,2011,eaba,11eabasph02,sepl,abankert,2011-06-22,searcher,4,,lay
b13.7,2013,eaba,13eabarpe02,reph,amould,2013-07-02,searcher,4,,lay
b13.6,2013,eaba,13eabawra01,wrsa,dkessler,2013-06-20,searcher,3,,lay
b95.6,1995,nome,95nome304,rnph,,1995-06-05,,2,,
b11.6,2011,eaba,11eabarph01,reph,dkessler,2011-06-25,searcher,4,,
b11.7,2011,eaba,11eabawrc02,wrsa,bhill,2011-07-06,searcher,4,,
b11.7,2011,eaba,11eabawrm05,wrsa,ssaalfeld,2011-07-02,searcher,4,,
b13.6,2013,eaba,13eabaspp01,sepl,dkessler,2013-06-21,searcher,4,,lay
b13.6,2013,eaba,13eabaspp03,sepl,dkessler,2013-06-21,searcher,4,,lay
b93.5,1993,nome,93nome401,rnph,bharrington,1993-05-30,,3,,float
b93.6,1993,nome,93nome408,rnph,bharrington,1993-06-03,,3,,float
b94.6,1994,nome,94nome117,wesa,,1994-06-03,,3,,
b95.6,1995,nome,95nome132,rnph,,1995-06-17,,3,,hatch
b95.6,1995,nome,95nome234,rnph,,1995-06-15,,3,,hatch
b95.6,1995,nome,95nome45,rnph,,1995-06-15,,3,,hatch
b99.6,1999,nome,99nome4,sesa,,1999-06-28,,3,,hatch
b99.6,1999,nome,99nome65,wesa,bharrington,1999-06-01,,3,,float
b93.5,1993,nome,93nome116,rnph,,1993-05-29,,4,,
b93.6,1993,nome,93nome138,rnph,,1993-06-11,,4,,
b93.6,1993,nome,93nome23,rnph,,1993-06-05,,4,,
b93.6,1993,nome,93nome413,rnph,,1993-06-23,,4,,
b94.6,1994,nome,94nome130,wesa,bharrington,1994-06-12,,4,,float
b94.6,1994,nome,94nome210,rnph,,1994-06-09,,4,,lay
b94.6,1994,nome,94nome212,rnph,bharrington,1994-06-12,,4,,float
b94.5,1994,nome,94nome311,rnph,bharrington,1994-05-27,,4,,float
b94.7,1994,nome,94nome407,rnph,,1994-07-01,,4,,hatch
b94.6,1994,nome,94nome50,rnph,bharrington,1994-06-14,,4,,float
b94.6,1994,nome,94nome51,rnph,bharrington,1994-06-15,,4,,float
b95.5,1995,nome,95nome106,rnph,,1995-05-30,,4,,hatch
b95.5,1995,nome,95nome12,wesa,bharrington,1995-05-27,,4,,float
b95.6,1995,nome,95nome138,rnph,,1995-06-20,,4,,lay
b95.5,1995,nome,95nome212,rnph,bharrington,1995-05-31,,4,,float
b95.6,1995,nome,95nome217,rnph,,1995-06-02,,4,,lay
b95.6,1995,nome,95nome223,rnph,bharrington,1995-06-07,,4,,float
b95.6,1995,nome,95nome42,sesa,bharrington,1995-06-11,,4,,float
b95.6,1995,nome,95nome50,rnph,,1995-06-28,,4,,hatch
b98.6,1998,nome,98nome58,wesa,bharrington,1998-06-01,,4,,float
b99.6,1999,nome,99nome130,sesa,,1999-06-15,,4,,hatch
b99.6,1999,nome,99nome311,sesa,bharrington,1999-06-18,,4,,float
b99.6,1999,nome,99nome44,sesa,bharrington,1999-06-23,,4,,float
b10.6,2010,ikpi,10ikpi10vj055,btgo,lworing,2010-06-19,,4,,lay
b09.6,2009,nome,09nome09nome49,sesa,jflamarre,2009-06-16,,1,,
b08.6,2008,nome,08nome08nome11,wesa,edastrous,2008-06-04,,2,,lay
b09.6,2009,nome,09nome09nome36,sesa,jflamarre,2009-06-10,,2,,
b09.6,2009,nome,09nome09nome53,sesa,jflamarre,2009-06-17,,2,,
b09.6,2009,nome,09nome09nome51,sesa,jflamarre,2009-06-17,,3,,
b09.6,2009,nome,09nome09nome16,wesa,jflamarre,2009-06-01,,4,,float
b09.6,2009,nome,09nome09nome18,dunl,jflamarre,2009-06-02,,4,,float
b09.6,2009,nome,09nome09nome22,wesa,jflamarre,2009-06-05,,4,,float
b09.5,2009,nome,09nome09nome3,wesa,bharrington,2009-05-30,,4,,float
b09.6,2009,nome,09nome09nome31,wesa,jflamarre,2009-06-07,,4,,float
b09.6,2009,nome,09nome09nome33,sesa,jflamarre,2009-06-07,,4,,float
b09.6,2009,nome,09nome09nome35,sesa,jflamarre,2009-06-07,,4,,float
b09.6,2009,nome,09nome09nome47,wesa,jflamarre,2009-06-15,,4,,
b09.5,2009,nome,09nome09nome9,wesa,bharrington,2009-05-31,,4,,float
b08.6,2008,nome,08nome08nome3,sesa,edastrous,2008-06-03,,6,,float
b97.5,1997,nome,97nome12,wesa,,1997-05-28,,4,,
b97.6,1997,nome,97nome124,sesa,,1997-06-15,,4,,
b97.6,1997,nome,97nome126,wesa,,1997-06-03,,4,,
b97.6,1997,nome,97nome3,sesa,,1997-06-11,,4,,
b97.6,1997,nome,97nome39,sesa,,1997-06-14,,4,,
b98.6,1998,nome,98nome199,wesa,,1998-06-17,,4,,hatch
b11.7,2011,chau,11chaupesabyv001,pesa,bhill,2011-07-07,,,,
b11.7,2011,chau,11chaupesadvs001,pesa,bhill,2011-07-07,,,,
b11.7,2011,chau,11chausbdodvs001,sbdo,bhill,2011-07-07,,,,
b04.6,2004,coat,04coatapg01,amgp,,2004-06-29,,4,,
b04.6,2004,coat,04coatapg02,amgp,,2004-06-29,,4,,
b04.6,2004,coat,04coatapj01,amgp,,2004-06-24,,4,,lay
b04.7,2004,coat,04coatapj02,amgp,,2004-07-11,,3,,
b04.7,2004,coat,04coatapp01,amgp,,2004-07-01,,2,,
b04.7,2004,coat,04coatapp02,amgp,,2004-07-04,,4,,
b04.7,2004,coat,04coatapp03,amgp,,2004-07-11,,4,,
b04.6,2004,coat,04coatbbg01,bbpl,,2004-06-27,,4,,
b04.6,2004,coat,04coatbbg02,bbpl,,2004-06-30,,4,,
b04.6,2004,coat,04coatbbg03,bbpl,,2004-06-30,,4,,
b04.7,2004,coat,04coatbbg04,bbpl,,2004-07-22,,4,,
b04.6,2004,coat,04coatbbj01,bbpl,,2004-06-29,,4,,
b04.7,2004,coat,04coatbbp01,bbpl,,2004-07-01,,4,,
b04.6,2004,coat,04coatdug01,dunl,,2004-06-25,,4,,lay
b04.6,2004,coat,04coatdug02,dunl,,2004-06-27,,4,,
b04.6,2004,coat,04coatdug03,dunl,,2004-06-27,,4,,
b04.7,2004,coat,04coatdug04,dunl,,2004-07-15,,3,,
b04.6,2004,coat,04coatdug05,dunl,,2004-06-30,,4,,
b04.7,2004,coat,04coatdug06,dunl,,2004-07-01,,4,,
b04.7,2004,coat,04coatdug07,dunl,,2004-07-16,,4,,
b04.6,2004,coat,04coatduj01,dunl,,2004-06-26,,4,,
b04.7,2004,coat,04coatduj02,dunl,,2004-07-01,,4,,
b04.7,2004,coat,04coatduj03,dunl,,2004-07-02,,4,,
b04.7,2004,coat,04coatduj04,dunl,,2004-07-04,,4,,
b04.7,2004,coat,04coatduj05,dunl,,2004-07-08,,4,,
b04.7,2004,coat,04coatduj06,dunl,,2004-07-16,,4,,
b04.7,2004,coat,04coatduj07,dunl,,2004-07-14,,4,,
b04.7,2004,coat,04coatduj08,dunl,,2004-07-18,,4,,
b04.7,2004,coat,04coatduj09,dunl,,2004-07-22,,4,,
b04.6,2004,coat,04coatdup01,dunl,,2004-06-25,,,,
b04.6,2004,coat,04coatdup03,dunl,,2004-06-26,,,,
b04.6,2004,coat,04coatdup04,dunl,,2004-06-27,,,,lay
b04.6,2004,coat,04coatdup05,dunl,,2004-06-30,,4,,
b04.6,2004,coat,04coatdup06,dunl,,2004-06-30,,4,,
b04.7,2004,coat,04coatdup07,dunl,,2004-07-06,,4,,
b04.7,2004,coat,04coatdup08,dunl,,2004-07-08,,4,,
b04.7,2004,coat,04coatdup09,dunl,,2004-07-10,,4,,
b04.7,2004,coat,04coatdup10,dunl,,2004-07-17,,4,,
b04.7,2004,coat,04coatdup11,dunl,,2004-07-17,,3,,
b04.6,2004,coat,04coathgj01,herg,,2004-06-28,,,,
b04.7,2004,coat,04coathgp01,herg,,2004-07-10,,,,
b04.6,2004,coat,04coatllg01,lalo,,2004-06-28,,4,,
b04.6,2004,coat,04coatllg02,lalo,,2004-06-29,,5,,
b04.6,2004,coat,04coatllj01,lalo,,2004-06-21,,,,
b04.6,2004,coat,04coatllj02,lalo,,2004-06-25,,,,
b04.6,2004,coat,04coatllj03,lalo,,2004-06-28,,,,
b04.6,2004,coat,04coatllj04,lalo,,2004-06-29,,,,
b04.7,2004,coat,04coatllj05,lalo,,2004-07-04,,,,
b04.7,2004,coat,04coatllj06,lalo,,2004-07-04,,,,
b04.7,2004,coat,04coatllj07,lalo,,2004-07-09,,5,,
b04.6,2004,coat,04coatllp01,lalo,,2004-06-23,,,,
b04.6,2004,coat,04coatllp02,lalo,,2004-06-25,,4,,
b04.6,2004,coat,04coatllp03,lalo,,2004-06-28,,,,
b04.6,2004,coat,04coatllp04,lalo,,2004-06-29,,,,
b04.6,2004,coat,04coatllp05,lalo,,2004-06-29,,6,,
b04.7,2004,coat,04coatllp06,lalo,,2004-07-04,,,,
b04.7,2004,coat,04coatpjp01,paja,,2004-07-04,,,,
b04.7,2004,coat,04coatrpg01,reph,,2004-07-06,,4,,
b04.6,2004,coat,04coatrpj01,reph,,2004-06-21,,4,,lay
b04.6,2004,coat,04coatrpj03,reph,,2004-06-28,,,,
b04.6,2004,coat,04coatrpp01,reph,,2004-06-27,,4,,lay
b04.6,2004,coat,04coatrpp02,reph,,2004-06-30,,4,,
b04.7,2004,coat,04coatrtg01,rutu,,2004-07-12,,4,,
b04.7,2004,coat,04coatrtg02,rutu,,2004-07-12,,2,,
b04.6,2004,coat,04coatssg01,sesa,,2004-06-30,,4,,
b04.6,2004,coat,04coatssg02,sesa,,2004-06-30,,4,,
b04.6,2004,coat,04coatssg03,sesa,,2004-06-30,,4,,
b04.6,2004,coat,04coatssg04,sesa,,2004-06-30,,4,,
b04.7,2004,coat,04coatssg05,sesa,,2004-07-02,,4,,
b04.6,2004,coat,04coatssg06,sesa,,2004-06-27,,4,,lay
b04.7,2004,coat,04coatssg07,sesa,,2004-07-05,,4,,
b04.7,2004,coat,04coatssg08,sesa,,2004-07-06,,4,,
b04.7,2004,coat,04coatssg09,sesa,,2004-07-06,,4,,
b04.7,2004,coat,04coatssg10,sesa,,2004-07-10,,4,,
b04.7,2004,coat,04coatssg11,sesa,,2004-07-10,,4,,
b04.7,2004,coat,04coatssg12,sesa,,2004-07-10,,4,,
b04.7,2004,coat,04coatssg13,sesa,,2004-07-11,,,,
b04.7,2004,coat,04coatssg14,sesa,,2004-07-12,,4,,
b04.7,2004,coat,04coatssg15,sesa,,2004-07-14,,4,,
b04.7,2004,coat,04coatssg16,sesa,,2004-07-16,,4,,
b04.7,2004,coat,04coatssg17,sesa,,2004-07-16,,2,,
b04.7,2004,coat,04coatssg18,sesa,,2004-07-20,,4,,
b04.6,2004,coat,04coatssj01,sesa,,2004-06-26,,4,,lay
b04.6,2004,coat,04coatssj02,sesa,,2004-06-28,,4,,lay
b04.6,2004,coat,04coatssj03,sesa,,2004-06-29,,4,,
b04.6,2004,coat,04coatssj04,sesa,,2004-06-29,,4,,
b04.6,2004,coat,04coatssj05,sesa,,2004-06-30,,4,,
b04.7,2004,coat,04coatssj06,sesa,,2004-07-01,,4,,
b04.7,2004,coat,04coatssj07,sesa,,2004-07-01,,4,,
b04.7,2004,coat,04coatssj08,sesa,,2004-07-02,,4,,
b04.7,2004,coat,04coatssj09,sesa,,2004-07-05,,4,,
b04.7,2004,coat,04coatssj10,sesa,,2004-07-05,,4,,lay
b04.7,2004,coat,04coatssj11,sesa,,2004-07-05,,4,,
b04.7,2004,coat,04coatssj12,sesa,,2004-07-06,,3,,lay
b04.7,2004,coat,04coatssj13,sesa,,2004-07-06,,4,,
b04.7,2004,coat,04coatssj14,sesa,,2004-07-09,,4,,
b04.7,2004,coat,04coatssj15,sesa,,2004-07-11,,4,,
b04.7,2004,coat,04coatssj17,sesa,,2004-07-11,,4,,
b04.7,2004,coat,04coatssj18,sesa,,2004-07-15,,4,,
b04.6,2004,coat,04coatssp02,sesa,,2004-06-25,,4,,lay
b04.6,2004,coat,04coatssp03,sesa,,2004-06-26,,,,
b04.6,2004,coat,04coatssp04,sesa,,2004-06-28,,4,,
b04.6,2004,coat,04coatssp05,sesa,,2004-06-29,,4,,
b04.6,2004,coat,04coatssp06,sesa,,2004-06-29,,4,,
b04.6,2004,coat,04coatssp07,sesa,,2004-06-29,,4,,
b04.6,2004,coat,04coatssp08,sesa,,2004-06-30,,4,,
b04.6,2004,coat,04coatssp09,sesa,,2004-06-30,,4,,
b04.6,2004,coat,04coatssp10,sesa,,2004-06-30,,4,,
b04.7,2004,coat,04coatssp11,sesa,,2004-07-01,,4,,
b04.7,2004,coat,04coatssp12,sesa,,2004-07-01,,4,,
b04.7,2004,coat,04coatssp13,sesa,,2004-07-02,,4,,
b04.7,2004,coat,04coatssp14,sesa,,2004-07-04,,4,,
b04.7,2004,coat,04coatssp15,sesa,,2004-07-06,,4,,
b04.7,2004,coat,04coatssp16,sesa,,2004-07-16,,4,,
b04.6,2004,coat,04coatwrj01,wrsa,,2004-06-30,,4,,
b05.6,2005,coat,05coatapj01,amgp,lmckinnon,2005-06-20,,4,,
b05.6,2005,coat,05coatapj02,amgp,lmckinnon,2005-06-28,,4,,
b05.6,2005,coat,05coatapp01,amgp,lmckinnon,2005-06-17,,4,,lay
b05.6,2005,coat,05coatapp02,amgp,lmckinnon,2005-06-18,,4,,
b05.6,2005,coat,05coatapt01,amgp,lmckinnon,2005-06-26,,4,,
b05.6,2005,coat,05coatapt02,amgp,lmckinnon,2005-06-27,,4,,
b05.7,2005,coat,05coatapt03,amgp,lmckinnon,2005-07-03,,4,,
b05.7,2005,coat,05coatapt04,amgp,lmckinnon,2005-07-04,,4,,
b05.6,2005,coat,05coatbbt01,bbpl,lmckinnon,2005-06-30,,4,,
b05.6,2005,coat,05coatbbt02,bbpl,lmckinnon,2005-06-30,,4,,
b05.7,2005,coat,05coatbbt03,bbpl,lmckinnon,2005-07-11,,4,,
b05.6,2005,coat,05coatduj01,dunl,lmckinnon,2005-06-16,,,,lay
b05.6,2005,coat,05coatduj02,dunl,lmckinnon,2005-06-17,,,,lay
b05.6,2005,coat,05coatduj03,dunl,lmckinnon,2005-06-18,,4,,
b05.7,2005,coat,05coatduj04,dunl,lmckinnon,2005-07-02,,4,,
b05.6,2005,coat,05coatduj05,dunl,lmckinnon,2005-06-26,,4,,
b05.6,2005,coat,05coatduj06,dunl,lmckinnon,2005-06-26,,4,,
b05.7,2005,coat,05coatduj07,dunl,lmckinnon,2005-07-06,,,,
b05.6,2005,coat,05coatdup01,dunl,lmckinnon,2005-06-13,,4,,
b05.6,2005,coat,05coatdup02,dunl,lmckinnon,2005-06-18,,4,,
b05.6,2005,coat,05coatdup03,dunl,lmckinnon,2005-06-20,,4,,
b05.6,2005,coat,05coatdup04,dunl,lmckinnon,2005-06-27,,4,,
b05.6,2005,coat,05coatdut01,dunl,lmckinnon,2005-06-13,,4,,
b05.6,2005,coat,05coatdut02,dunl,lmckinnon,2005-06-19,,4,,
b05.6,2005,coat,05coatdut03,dunl,lmckinnon,2005-06-20,,4,,
b05.6,2005,coat,05coatdut04,dunl,lmckinnon,2005-06-23,,4,,
b05.6,2005,coat,05coatdut05,dunl,lmckinnon,2005-06-26,,4,,
b05.6,2005,coat,05coatdut06,dunl,lmckinnon,2005-06-27,,3,,
b05.6,2005,coat,05coatdut07,dunl,lmckinnon,2005-06-28,,4,,
b05.6,2005,coat,05coatdut08,dunl,lmckinnon,2005-06-28,,4,,
b05.6,2005,coat,05coatdut09,dunl,lmckinnon,2005-06-30,,4,,
b05.7,2005,coat,05coatdut10,dunl,lmckinnon,2005-07-02,,4,,
b05.7,2005,coat,05coatdut11,dunl,lmckinnon,2005-07-03,,4,,
b05.7,2005,coat,05coatdut12,dunl,lmckinnon,2005-07-05,,4,,
b05.7,2005,coat,05coatdut13,dunl,lmckinnon,2005-07-13,,4,,
b05.6,2005,coat,05coathgp01,herg,lmckinnon,2005-06-19,,,,
b05.6,2005,coat,05coatllj01,lalo,lmckinnon,2005-06-19,,,,
b05.6,2005,coat,05coatllj02,lalo,lmckinnon,2005-06-19,,,,
b05.6,2005,coat,05coatllj03,lalo,lmckinnon,2005-06-23,,,,
b05.6,2005,coat,05coatllj04,lalo,lmckinnon,2005-06-23,,,,
b05.6,2005,coat,05coatllj05,lalo,lmckinnon,2005-06-24,,,,
b05.6,2005,coat,05coatllj06,lalo,lmckinnon,2005-06-26,,,,
b05.6,2005,coat,05coatllj07,lalo,lmckinnon,2005-06-26,,,,
b05.6,2005,coat,05coatllj08,lalo,lmckinnon,2005-06-27,,,,
b05.6,2005,coat,05coatllp01,lalo,lmckinnon,2005-06-13,,,,
b05.6,2005,coat,05coatllp02,lalo,lmckinnon,2005-06-15,,,,
b05.6,2005,coat,05coatllp03,lalo,lmckinnon,2005-06-19,,,,
b05.6,2005,coat,05coatllp04,lalo,lmckinnon,2005-06-20,,,,
b05.6,2005,coat,05coatllp05,lalo,lmckinnon,2005-06-23,,,,
b05.6,2005,coat,05coatllt01,lalo,lmckinnon,2005-06-16,,,,
b05.6,2005,coat,05coatrpj01,reph,lmckinnon,2005-06-15,,4,,
b05.6,2005,coat,05coatrpj02,reph,lmckinnon,2005-06-16,,4,,
b05.6,2005,coat,05coatrpj03,reph,lmckinnon,2005-06-23,,4,,
b05.6,2005,coat,05coatrpj04,reph,lmckinnon,2005-06-25,,4,,
b05.6,2005,coat,05coatrpj05,reph,lmckinnon,2005-06-19,,4,,
b05.6,2005,coat,05coatrpp01,reph,lmckinnon,2005-06-15,,4,,
b05.6,2005,coat,05coatrpt01,reph,lmckinnon,2005-06-15,,4,,
b05.6,2005,coat,05coatrpt02,reph,lmckinnon,2005-06-18,,4,,
b05.6,2005,coat,05coatrpt03,reph,lmckinnon,2005-06-20,,4,,lay
b05.6,2005,coat,05coatrpt04,reph,lmckinnon,2005-06-23,,4,,
b05.6,2005,coat,05coatrpt05,reph,lmckinnon,2005-06-26,,4,,
b05.6,2005,coat,05coatrpt06,reph,lmckinnon,2005-06-28,,4,,
b05.6,2005,coat,05coatrpt07,reph,lmckinnon,2005-06-28,,4,,
b05.6,2005,coat,05coatrpt08,reph,lmckinnon,2005-06-28,,4,,
b05.7,2005,coat,05coatrpt09,reph,lmckinnon,2005-07-03,,4,,
b05.6,2005,coat,05coatssj01,sesa,lmckinnon,2005-06-16,,4,,lay
b05.6,2005,coat,05coatssj02,sesa,lmckinnon,2005-06-21,,4,,
b05.6,2005,coat,05coatssj03,sesa,lmckinnon,2005-06-21,,4,,
b05.6,2005,coat,05coatssj04,sesa,lmckinnon,2005-06-24,,4,,
b05.6,2005,coat,05coatssj05,sesa,lmckinnon,2005-06-25,,4,,
b05.6,2005,coat,05coatssj06,sesa,lmckinnon,2005-06-25,,4,,
b05.6,2005,coat,05coatssj07,sesa,lmckinnon,2005-06-26,,4,,
b05.6,2005,coat,05coatssj08,sesa,lmckinnon,2005-06-26,,4,,lay
b05.6,2005,coat,05coatssj09,sesa,lmckinnon,2005-06-27,,4,,
b05.6,2005,coat,05coatssj10,sesa,lmckinnon,2005-06-27,,4,,
b05.6,2005,coat,05coatssj11,sesa,lmckinnon,2005-06-28,,4,,lay
b05.7,2005,coat,05coatssj12,sesa,lmckinnon,2005-07-09,,4,,
b05.6,2005,coat,05coatssp01,sesa,lmckinnon,2005-06-13,,4,,lay
b05.6,2005,coat,05coatssp03,sesa,lmckinnon,2005-06-21,,4,,
b05.6,2005,coat,05coatssp04,sesa,lmckinnon,2005-06-23,,4,,
b05.6,2005,coat,05coatssp05,sesa,lmckinnon,2005-06-23,,4,,
b05.6,2005,coat,05coatssp06,sesa,lmckinnon,2005-06-23,,4,,
b05.6,2005,coat,05coatssp07,sesa,lmckinnon,2005-06-23,,4,,
b05.6,2005,coat,05coatssp08,sesa,lmckinnon,2005-06-23,,4,,
b05.6,2005,coat,05coatssp09,sesa,lmckinnon,2005-06-23,,4,,
b05.6,2005,coat,05coatssp10,sesa,lmckinnon,2005-06-24,,4,,
b05.6,2005,coat,05coatssp11,sesa,lmckinnon,2005-06-24,,4,,lay
b05.6,2005,coat,05coatssp12,sesa,lmckinnon,2005-06-25,,4,,
b05.6,2005,coat,05coatssp13,sesa,lmckinnon,2005-06-26,,4,,
b05.7,2005,coat,05coatssp14,sesa,lmckinnon,2005-07-04,,,,
b05.6,2005,coat,05coatsst01,sesa,lmckinnon,2005-06-15,,4,,
b05.6,2005,coat,05coatsst02,sesa,lmckinnon,2005-06-16,,4,,
b05.6,2005,coat,05coatsst03,sesa,lmckinnon,2005-06-17,,4,,lay
b05.6,2005,coat,05coatsst04,sesa,lmckinnon,2005-06-17,,4,,
b05.6,2005,coat,05coatsst05,sesa,lmckinnon,2005-06-19,,4,,
b05.6,2005,coat,05coatsst06,sesa,lmckinnon,2005-06-20,,4,,
b05.6,2005,coat,05coatsst07,sesa,lmckinnon,2005-06-20,,4,,lay
b05.6,2005,coat,05coatsst08,sesa,lmckinnon,2005-06-20,,4,,
b05.6,2005,coat,05coatsst09,sesa,lmckinnon,2005-06-21,,4,,
b05.6,2005,coat,05coatsst10,sesa,lmckinnon,2005-06-21,,4,,
b05.6,2005,coat,05coatsst11,sesa,lmckinnon,2005-06-23,,4,,
b05.6,2005,coat,05coatsst12,sesa,lmckinnon,2005-06-23,,4,,
b05.6,2005,coat,05coatsst13,sesa,lmckinnon,2005-06-23,,4,,lay
b05.6,2005,coat,05coatsst14,sesa,lmckinnon,2005-06-24,,4,,lay
b05.6,2005,coat,05coatsst15,sesa,lmckinnon,2005-06-25,,4,,
b05.6,2005,coat,05coatsst16,sesa,lmckinnon,2005-06-26,,4,,
b05.6,2005,coat,05coatsst17,sesa,lmckinnon,2005-06-26,,4,,
b05.6,2005,coat,05coatsst18,sesa,lmckinnon,2005-06-26,,4,,
b05.6,2005,coat,05coatsst19,sesa,lmckinnon,2005-06-27,,4,,
b05.6,2005,coat,05coatsst20,sesa,lmckinnon,2005-06-27,,4,,
b05.6,2005,coat,05coatsst21,sesa,lmckinnon,2005-06-27,,4,,
b05.6,2005,coat,05coatsst22,sesa,lmckinnon,2005-06-27,,4,,
b05.6,2005,coat,05coatsst23,sesa,lmckinnon,2005-06-28,,4,,
b05.6,2005,coat,05coatsst24,sesa,lmckinnon,2005-06-28,,4,,
b05.6,2005,coat,05coatsst25,sesa,lmckinnon,2005-06-28,,4,,
b05.6,2005,coat,05coatsst26,sesa,lmckinnon,2005-06-28,,4,,
b05.6,2005,coat,05coatsst27,sesa,lmckinnon,2005-06-28,,4,,
b05.6,2005,coat,05coatsst28,sesa,lmckinnon,2005-06-30,,4,,
b05.6,2005,coat,05coatsst29,sesa,lmckinnon,2005-06-30,,4,,
b05.6,2005,coat,05coatsst30,sesa,lmckinnon,2005-06-30,,4,,
b05.6,2005,coat,05coatsst31,sesa,lmckinnon,2005-06-30,,4,,
b05.7,2005,coat,05coatsst32,sesa,lmckinnon,2005-07-02,,4,,
b05.7,2005,coat,05coatsst33,sesa,lmckinnon,2005-07-02,,4,,
b05.7,2005,coat,05coatsst34,sesa,lmckinnon,2005-07-03,,3,,
b05.7,2005,coat,05coatsst35,sesa,lmckinnon,2005-07-04,,4,,
b05.7,2005,coat,05coatsst36,sesa,lmckinnon,2005-07-05,,4,,
b05.7,2005,coat,05coatsst37,sesa,lmckinnon,2005-07-05,,4,,
b05.7,2005,coat,05coatsst38,sesa,lmckinnon,2005-07-07,,4,,
b05.6,2005,coat,05coatwrp01,wrsa,lmckinnon,2005-06-19,,4,,
b05.6,2005,coat,05coatwrp02,wrsa,lmckinnon,2005-06-20,,4,,
b06.6,2006,coat,06coatagc02,amgp,lmckinnon,2006-06-27,,4,,
b06.6,2006,coat,06coatagc03,amgp,lmckinnon,2006-06-28,,4,,
b06.6,2006,coat,06coatagc04,amgp,lmckinnon,2006-06-29,,4,,
b06.7,2006,coat,06coatagc05,amgp,lmckinnon,2006-07-05,,4,,
b06.6,2006,coat,06coatapa01,amgp,lmckinnon,2006-06-24,,4,,lay
b06.6,2006,coat,06coatapa02,amgp,lmckinnon,2006-06-28,,4,,
b06.6,2006,coat,06coatapa03,amgp,lmckinnon,2006-06-30,,4,,
b06.6,2006,coat,06coatapa04,amgp,lmckinnon,2006-06-30,,4,,
b06.6,2006,coat,06coatapc01,amgp,lmckinnon,2006-06-14,,4,,
b06.6,2006,coat,06coatbbc01,bbpl,lmckinnon,2006-06-22,,4,,
b06.7,2006,coat,06coatbbp01,bbpl,lmckinnon,2006-07-03,,4,,
b06.6,2006,coat,06coatdua01,dunl,lmckinnon,2006-06-17,,4,,
b06.6,2006,coat,06coatdua02,dunl,lmckinnon,2006-06-27,,4,,
b06.6,2006,coat,06coatdua03,dunl,lmckinnon,2006-06-29,,4,,
b06.7,2006,coat,06coatdua04,dunl,lmckinnon,2006-07-04,,4,,
b06.6,2006,coat,06coatduc01,dunl,lmckinnon,2006-06-12,,4,,
b06.6,2006,coat,06coatduc02,dunl,lmckinnon,2006-06-14,,4,,
b06.6,2006,coat,06coatduc03,dunl,lmckinnon,2006-06-24,,4,,
b06.6,2006,coat,06coatduc04,dunl,lmckinnon,2006-06-27,,4,,
b06.7,2006,coat,06coatduc05,dunl,lmckinnon,2006-07-01,,4,,
b06.7,2006,coat,06coatduc06,dunl,lmckinnon,2006-07-03,,3,,
b06.6,2006,coat,06coatduk01,dunl,lmckinnon,2006-06-28,,4,,
b06.6,2006,coat,06coatduk02,dunl,lmckinnon,2006-06-28,,4,,
b06.6,2006,coat,06coatduk03,dunl,lmckinnon,2006-06-28,,4,,
b06.6,2006,coat,06coatduk04,dunl,lmckinnon,2006-06-26,,4,,
b06.7,2006,coat,06coatduk05,dunl,lmckinnon,2006-07-05,,4,,
b06.6,2006,coat,06coatdup01,dunl,lmckinnon,2006-06-11,,,,
b06.6,2006,coat,06coatdup02,dunl,lmckinnon,2006-06-13,,3,,
b06.6,2006,coat,06coatdup03,dunl,lmckinnon,2006-06-13,,4,,
b06.6,2006,coat,06coatdup04,dunl,lmckinnon,2006-06-25,,4,,
b06.7,2006,coat,06coatdup05,dunl,lmckinnon,2006-07-02,,4,,
b06.7,2006,coat,06coatdup06,dunl,lmckinnon,2006-07-03,,4,,
b06.6,2006,coat,06coatllc01,lalo,lmckinnon,2006-06-17,,,,
b06.6,2006,coat,06coatllc02,lalo,lmckinnon,2006-06-30,,,,
b06.6,2006,coat,06coatllc03,lalo,lmckinnon,2006-06-30,,5,,
b06.6,2006,coat,06coatllc04,lalo,lmckinnon,2006-06-30,,,,
b06.6,2006,coat,06coatpea01,pesa,lmckinnon,2006-06-24,,4,,
b06.7,2006,coat,06coatpea02,pesa,lmckinnon,2006-07-02,,4,,
b06.6,2006,coat,06coatpep01,pesa,lmckinnon,2006-06-22,,4,,
b06.6,2006,coat,06coatrpa01,reph,lmckinnon,2006-06-15,,4,,
b06.6,2006,coat,06coatrpa02,reph,lmckinnon,2006-06-15,,4,,
b06.6,2006,coat,06coatrpa03,reph,lmckinnon,2006-06-27,,4,,
b06.6,2006,coat,06coatrpc01,reph,lmckinnon,2006-06-14,,4,,
b06.6,2006,coat,06coatrpc02,reph,lmckinnon,2006-06-15,,,,lay
b06.6,2006,coat,06coatrpc03,reph,lmckinnon,2006-06-16,,4,,
b06.6,2006,coat,06coatrpc04,reph,lmckinnon,2006-06-23,,4,,
b06.6,2006,coat,06coatrpk01,reph,lmckinnon,2006-06-15,,4,,
b06.6,2006,coat,06coatrpk02,reph,lmckinnon,2006-06-15,,4,,
b06.6,2006,coat,06coatrpk03,reph,lmckinnon,2006-06-24,,4,,
b06.6,2006,coat,06coatrpk04,reph,lmckinnon,2006-06-25,,4,,
b06.6,2006,coat,06coatrpk05,reph,lmckinnon,2006-06-28,,4,,
b06.6,2006,coat,06coatrpp01,reph,lmckinnon,2006-06-24,,4,,
b06.6,2006,coat,06coatrpp02,reph,lmckinnon,2006-06-25,,4,,
b06.6,2006,coat,06coatrpp03,reph,lmckinnon,2006-06-30,,3,,
b06.6,2006,coat,06coatrpp04,reph,lmckinnon,2006-06-30,,4,,
b06.6,2006,coat,06coatssa01,sesa,lmckinnon,2006-06-26,,4,,
b06.6,2006,coat,06coatssa02,sesa,lmckinnon,2006-06-28,,4,,
b06.7,2006,coat,06coatssa03,sesa,lmckinnon,2006-07-02,,4,,
b06.7,2006,coat,06coatssa04,sesa,lmckinnon,2006-07-02,,4,,
b06.7,2006,coat,06coatssa05,sesa,lmckinnon,2006-07-02,,4,,
b06.7,2006,coat,06coatssa06,sesa,lmckinnon,2006-07-05,,4,,
b06.7,2006,coat,06coatssa07,sesa,lmckinnon,2006-07-10,,4,,
b06.6,2006,coat,06coatssc01,sesa,lmckinnon,2006-06-11,,4,,lay
b06.6,2006,coat,06coatssc02,sesa,lmckinnon,2006-06-13,,4,,lay
b06.6,2006,coat,06coatssc03,sesa,lmckinnon,2006-06-17,,4,,
b06.6,2006,coat,06coatssc04,sesa,lmckinnon,2006-06-22,,4,,
b06.6,2006,coat,06coatssc06,sesa,lmckinnon,2006-06-24,,4,,
b06.6,2006,coat,06coatssc07,sesa,lmckinnon,2006-06-25,,4,,
b06.6,2006,coat,06coatssc08,sesa,lmckinnon,2006-06-28,,4,,
b06.6,2006,coat,06coatssc09,sesa,lmckinnon,2006-06-28,,4,,
b06.7,2006,coat,06coatssc10,sesa,lmckinnon,2006-07-02,,4,,
b06.7,2006,coat,06coatssc11,sesa,lmckinnon,2006-07-02,,4,,
b06.7,2006,coat,06coatssc12,sesa,lmckinnon,2006-07-04,,4,,
b06.7,2006,coat,06coatssc13,sesa,lmckinnon,2006-07-04,,4,,
b06.6,2006,coat,06coatssk01,sesa,lmckinnon,2006-06-13,,4,,
b06.6,2006,coat,06coatssk02,sesa,lmckinnon,2006-06-17,,4,,lay
b06.6,2006,coat,06coatssk03,sesa,lmckinnon,2006-06-22,,4,,
b06.6,2006,coat,06coatssk04,sesa,lmckinnon,2006-06-23,,4,,
b06.6,2006,coat,06coatssk05,sesa,lmckinnon,2006-06-24,,4,,
b06.6,2006,coat,06coatssk06,sesa,lmckinnon,2006-06-28,,4,,
b06.6,2006,coat,06coatssk07,sesa,lmckinnon,2006-06-25,,,,
b06.6,2006,coat,06coatssk08,sesa,lmckinnon,2006-06-28,,4,,
b06.7,2006,coat,06coatssk09,sesa,lmckinnon,2006-07-02,,4,,
b06.7,2006,coat,06coatssk10,sesa,lmckinnon,2006-07-02,,4,,
b06.7,2006,coat,06coatssk11,sesa,lmckinnon,2006-07-03,,4,,
b06.7,2006,coat,06coatssk12,sesa,lmckinnon,2006-07-03,,4,,
b06.7,2006,coat,06coatssk13,sesa,lmckinnon,2006-07-03,,4,,
b06.7,2006,coat,06coatssk14,sesa,lmckinnon,2006-07-03,,3,,
b06.7,2006,coat,06coatssk15,sesa,lmckinnon,2006-07-06,,4,,
b06.6,2006,coat,06coatssp01,sesa,lmckinnon,2006-06-26,,4,,
b06.6,2006,coat,06coatssp02,sesa,lmckinnon,2006-06-13,,4,,lay
b06.6,2006,coat,06coatssp03,sesa,lmckinnon,2006-06-22,,4,,
b06.6,2006,coat,06coatssp04,sesa,lmckinnon,2006-06-22,,4,,
b06.6,2006,coat,06coatssp05,sesa,lmckinnon,2006-06-22,,4,,
b06.6,2006,coat,06coatssp06,sesa,lmckinnon,2006-06-24,,4,,
b06.6,2006,coat,06coatssp07,sesa,lmckinnon,2006-06-25,,4,,
b06.6,2006,coat,06coatssp08,sesa,lmckinnon,2006-06-25,,4,,
b06.6,2006,coat,06coatssp09,sesa,lmckinnon,2006-06-25,,4,,
b06.6,2006,coat,06coatssp10,sesa,lmckinnon,2006-06-28,,4,,
b06.6,2006,coat,06coatssp11,sesa,lmckinnon,2006-06-28,,4,,
b06.6,2006,coat,06coatssp12,sesa,lmckinnon,2006-06-28,,4,,
b06.6,2006,coat,06coatssp13,sesa,lmckinnon,2006-06-30,,4,,
b06.6,2006,coat,06coatssp14,sesa,lmckinnon,2006-06-30,,4,,
b06.7,2006,coat,06coatssp15,sesa,lmckinnon,2006-07-02,,4,,
b06.6,2006,coat,06coatwra01,wrsa,lmckinnon,2006-06-13,,4,,lay
b06.6,2006,coat,06coatwra02,wrsa,lmckinnon,2006-06-13,,4,,lay
b06.6,2006,coat,06coatwrc01,wrsa,lmckinnon,2006-06-17,,4,,
b06.6,2006,coat,06coatwrc02,wrsa,lmckinnon,2006-06-14,,4,,
b06.6,2006,coat,06coatwrc03,wrsa,lmckinnon,2006-06-23,,4,,
b06.7,2006,coat,06coatwrc04,wrsa,lmckinnon,2006-07-03,,4,,
b06.6,2006,coat,06coatwrk01,wrsa,lmckinnon,2006-06-14,,4,,
b06.7,2006,coat,06coatwrk02,wrsa,lmckinnon,2006-07-04,,4,,
b06.6,2006,coat,06coatwrk03,wrsa,lmckinnon,2006-06-24,,4,,
b06.6,2006,coat,06coatwrk04,wrsa,lmckinnon,2006-06-29,,4,,
b06.6,2006,coat,06coatwrp01,wrsa,lmckinnon,2006-06-14,,4,,
b06.6,2006,coat,06coatwrp02,wrsa,lmckinnon,2006-06-15,,4,,
b06.6,2006,coat,06coatwrp03,wrsa,lmckinnon,2006-06-17,,,,
b06.6,2006,coat,06coatwrp04,wrsa,lmckinnon,2006-06-29,,4,,
b06.7,2006,coat,06coatwrp05,wrsa,lmckinnon,2006-07-11,,3,,
b14.6,2014,eaba,14eabaagl01,amgp,rlanctot,2014-06-28,,4,3.5,float
b14.6,2014,eaba,14eababbe01,bbpl,vloverti,2014-06-18,,4,4.0,float
b14.6,2014,eaba,14eababbe02,bbpl,rlanctot,2014-06-28,,4,5.0,float
b14.6,2014,eaba,14eababbj01,bbpl,vloverti,2014-06-20,,4,2.0,float
b14.6,2014,eaba,14eababbj02,bbpl,vloverti,2014-06-20,,4,,float
b14.6,2014,eaba,14eababbl01,bbpl,vloverti,2014-06-18,,4,4.0,float
b14.7,2014,eaba,14eababbl02,bbpl,ssaalfeld,2014-07-17,,4,,float
b14.7,2014,eaba,14eababbs01,bbpl,kkalasz,2014-07-02,,4,6.0,float
b14.6,2014,eaba,14eababbt01,bbpl,vloverti,2014-06-18,,4,3.5,float
b14.6,2014,eaba,14eababbt02,bbpl,vloverti,2014-06-19,,4,4.0,float
b14.6,2014,eaba,14eababbt03,bbpl,vloverti,2014-06-19,,4,4.0,float
b14.6,2014,eaba,14eababbt04,bbpl,rlanctot,2014-06-28,,4,18.0,float
b14.7,2014,eaba,14eabadul01,dunl,dhodkinson,2014-07-14,,4,3.0,float
b14.6,2014,eaba,14eabadus01,dunl,rlanctot,2014-06-28,,4,3.0,float
b14.6,2014,eaba,14eabadus02,dunl,rlanctot,2014-06-28,,4,5.0,float
b14.7,2014,eaba,14eabadut01/wrt05,wrsa,dhodkinson,2014-07-05,,4,9.0,float
b14.7,2014,eaba,14eabaret01,reph,dhodkinson,2014-07-05,,4,3.0,float
b14.6,2014,eaba,14eabarph02,reph,vloverti,2014-06-22,,4,,float
b14.7,2014,eaba,14eabaruj01,rutu,dhodkinson,2014-07-06,,4,5.5,float
b14.6,2014,eaba,14eabarut01,rutu,vloverti,2014-06-15,,4,0.0,float
b14.6,2014,eaba,14eabarut02,rutu,dkessler,2014-06-24,,4,0.0,float
b14.6,2014,eaba,14eabarut03,rutu,dkessler,2014-06-24,,4,6.0,float
b14.7,2014,eaba,14eabarut04,rutu,kkalasz,2014-07-02,,4,3.1,float
b14.7,2014,eaba,14eabarut06,rutu,dhodkinson,2014-07-09,,4,10.0,float
b14.7,2014,eaba,14eabasepll01,sepl,kkalasz,2014-07-03,,4,0.0,float
b14.6,2014,eaba,14eabaspe01,sepl,dkessler,2014-06-24,,4,6.0,float
b14.7,2014,eaba,14eabaspe02,sepl,kkalasz,2014-07-02,,4,0.0,float
b14.6,2014,eaba,14eabasps01,sepl,vloverti,2014-06-18,,4,3.5,float
b14.6,2014,eaba,14eabasps02,sepl,vloverti,2014-06-21,,4,16.5,float
b14.7,2014,eaba,14eabasps04,sepl,ssaalfeld,2014-07-17,,4,4.0,float
b14.6,2014,eaba,14eabaspt01,sepl,vloverti,2014-06-18,,4,9.0,float
b14.6,2014,eaba,14eabaspt02,sepl,dkessler,2014-06-23,,4,7.0,float
b14.6,2014,eaba,14eabawre01,wrsa,dkessler,2014-06-26,,4,15.9,float
b14.6,2014,eaba,14eabawrh01,wrsa,vloverti,2014-06-22,,4,1.0,float
b14.7,2014,eaba,14eabawrj02,wrsa,dhodkinson,2014-07-06,,4,,float
b14.6,2014,eaba,14eabawrs01,wrsa,dkessler,2014-06-24,,4,0.0,float
b14.6,2014,eaba,14eabawrs03,wrsa,rlanctot,2014-06-28,,4,5.0,float
b14.7,2014,eaba,14eabawrs06,wrsa,ssaalfeld,2014-07-20,,4,,float
b14.7,2014,eaba,14eabawrsal01,wrsa,kkalasz,2014-07-03,,4,11.0,float
b14.6,2014,eaba,14eabawrt01,wrsa,vloverti,2014-06-19,,4,10.0,float
b14.6,2014,eaba,14eabawrt02,wrsa,dkessler,2014-06-25,,4,13.0,float
b11.6,2011,chau,11chaudunlbyv001,dunl,abankert,2011-06-20,,1,,
b14.6,2014,eaba,14eabaage01,amgp,rlanctot,2014-06-28,,4,19.5,float
b14.6,2014,eaba,14eabaagt01,amgp,vloverti,2014-06-19,,4,4.0,float
b14.7,2014,eaba,14eabadus04,dunl,dhodkinson,2014-07-09,,4,1.0,float
b14.7,2014,eaba,14eabadut02,dunl,dhodkinson,2014-07-05,,4,8.0,float
b14.6,2014,eaba,14eabarpe01,reph,rlanctot,2014-06-27,,4,0.0,float
b14.6,2014,eaba,14eabarpj01,reph,dkessler,2014-06-26,,4,,float
b14.7,2014,eaba,14eabarut05,rutu,dhodkinson,2014-07-07,,4,4.5,float
b14.7,2014,eaba,14eabasps03,sepl,kkalasz,2014-07-02,,4,10.0,float
b14.7,2014,eaba,14eabawre03,wrsa,kkalasz,2014-07-02,,4,8.0,float
b14.7,2014,eaba,14eabawre04,wrsa,dhodkinson,2014-07-10,,4,0.0,float
b14.7,2014,eaba,14eabawrw01,wrsa,ssaalfeld,2014-07-16,,4,,float
b14.7,2014,eaba,14eabaduj01,dunl,kkalasz,2014-07-01,,4,,float
b14.6,2014,eaba,14eabadus03,dunl,rlanctot,2014-06-28,,4,3.0,float
b14.6,2014,eaba,14eabaspj01,sepl,rlanctot,2014-06-28,,4,10.0,float
b14.6,2014,eaba,14eabawrj01,wrsa,vloverti,2014-06-20,,4,11.5,float
b14.7,2014,eaba,14eabawrs04,wrsa,kkalasz,2014-07-04,,4,0.0,float
b14.7,2014,eaba,14eabawrs05,wrsa,dhodkinson,2014-07-08,,4,10.0,float
b11.6,2011,chau,11chaucrplbyv001,crpl,bhill,2011-06-19,,3,,
b11.7,2011,chau,11chaucrplbyv002,crpl,ssaalfeld,2011-07-02,,3,,
b11.6,2011,chau,11chaudunlbyv002,dunl,dkessler,2011-06-30,,3,,
b11.7,2011,chau,11chaudunldvs004,dunl,ssaalfeld,2011-07-02,,3,,
b11.6,2011,chau,11chaurnphdvs002,rnph,abankert,2011-06-20,,3,,
b11.6,2011,chau,11chaurnphdvs003,rnph,abankert,2011-06-20,,3,,
b11.6,2011,chau,11chaurnphdvs008,rnph,dkessler,2011-06-28,,3,,
b11.6,2011,chau,11chautestbyv001,test,dkessler,2011-06-29,,3,,
b14.6,2014,eaba,14eabapajal01,paja,vloverti,2014-06-18,,4,14.0,float
b14.6,2014,eaba,14eabarpl02,reph,vloverti,2014-06-19,,4,5.0,float
b14.6,2014,eaba,14eabaspp01,sepl,dkessler,2014-06-23,,4,11.0,float
b14.6,2014,eaba,14eabawre02,wrsa,rlanctot,2014-06-27,,4,5.0,float
b14.7,2014,eaba,14eabawrj03,wrsa,dhodkinson,2014-07-06,,4,12.0,float
b11.6,2011,chau,11chaudunlbyv003,dunl,dkessler,2011-06-30,,4,,
b11.7,2011,chau,11chaudunlbyv004,dunl,rlanctot,2011-07-03,,4,,
b11.6,2011,chau,11chaudunldvs001,dunl,abankert,2011-06-13,,4,,
b11.6,2011,chau,11chaudunldvs003,dunl,abankert,2011-06-20,,4,,
b11.7,2011,chau,11chaudunldvs005,dunl,rlanctot,2011-07-03,,4,,
b11.7,2011,chau,11chaudunldvs006,dunl,rlanctot,2011-07-03,,4,,
b11.6,2011,chau,11chaurnphdvs009,rnph,dkessler,2011-06-30,,4,,
b11.7,2011,chau,11chaurnphdvs010,rnph,ssaalfeld,2011-07-02,,4,,
b11.6,2011,chau,11chaurnphrav001,rnph,bhill,2011-06-17,,4,,
b11.6,2011,chau,11chaurnphslv001,rnph,abankert,2011-06-22,,4,,
b11.6,2011,chau,11chaurnphslv002,rnph,abankert,2011-06-22,,4,,
b11.7,2011,chau,11chaurnphslv003,rnph,ssaalfeld,2011-07-02,,4,,
b11.6,2011,chau,11chaurutubyv001,rutu,abankert,2011-06-20,,4,,
b13.7,2013,chur,13CD01,sepl,rlanctot,2013-07-05,,,,
b13.6,2013,chur,13GB05,sepl,dkessler,2013-06-20,,4,,
b13.6,2013,chur,13GB06,sepl,amould,2013-06-25,,4,,
b13.6,2013,chur,13HP01,sepl,vloverti,2013-06-11,,4,,
b13.6,2013,chur,13LL04,sepl,vloverti,2013-06-17,,4,,
b14.7,2014,chur,14DB04,sepl,ssaalfeld,2014-07-17,,3,,
b14.7,2014,chur,14DB05,sepl,ssaalfeld,2014-07-18,,,,
b14.7,2014,chur,14EP04,sepl,kkalasz,2014-07-01,,3,,
b14.6,2014,chur,14LL01,sepl,vloverti,2014-06-13,,1,,
b14.6,2014,chur,14TL01,sepl,rlanctot,2014-06-04,,1,,
b14.6,2014,chur,14MP03,sepl,vloverti,2014-06-15,,2,,
b14.6,2014,chur,14PB01,sepl,vloverti,2014-06-11,,2,,
b97.6,1997,nome,97nome302,wesa,,1997-06-01,,4,,
b94.5,1994,nome,94nome200,wesa,,1994-05-22,,4,,lay
b94.5,1994,nome,94nome302,wesa,,1994-05-22,,4,,lay
b94.5,1994,nome,94nome316,wesa,bharrington,1994-05-30,,4,,float
b97.5,1997,nome,97nome130,wesa,,1997-05-23,,4,,
b95.6,1995,nome,95nome222,sesa,bharrington,1995-06-03,,3,,float
b94.6,1994,nome,94nome207,sesa,bharrington,1994-06-06,,4,,float
b96.6,1996,nome,96nome117,sesa,bharrington,1996-06-07,,4,,float
b95.5,1995,nome,95nome5,wesa,bharrington,1995-05-23,,4,,float
b95.6,1995,nome,95nome303,sesa,bharrington,1995-06-04,,4,,float
b95.6,1995,nome,95nome129,sesa,,1995-06-12,,4,,hatch
b97.6,1997,nome,97nome45,sesa,,1997-06-14,,4,,
b97.6,1997,nome,97nome197,sesa,,1997-06-11,,4,,
b96.5,1996,nome,96nome3,wesa,bharrington,1996-05-19,,4,,float
b99.6,1999,nome,99nome66,wesa,,1999-06-07,,4,,hatch
b98.6,1998,nome,98nome303,wesa,,1998-06-17,,4,,hatch
b97.6,1997,nome,97nome35,wesa,,1997-06-01,,4,,
b97.5,1997,nome,97nome5,wesa,,1997-05-23,,4,,
b98.6,1998,nome,98nome73,sesa,,1998-06-03,,4,,hatch
b97.6,1997,nome,97nome114,sesa,,1997-06-07,,4,,
b97.5,1997,nome,97nome112,wesa,,1997-05-25,,4,,
b97.6,1997,nome,97nome196,wesa,,1997-06-19,,4,,
b97.6,1997,nome,97nome382,wesa,,1997-06-17,,4,,
b97.6,1997,nome,97nome202,sesa,,1997-06-01,,4,,
b97.6,1997,nome,97nome281,sesa,,1997-06-04,,4,,
b97.5,1997,nome,97nome125,sesa,,1997-05-31,,3,,
b97.6,1997,nome,97nome2,sesa,,1997-06-11,,4,,
b98.6,1998,nome,98nome106,sesa,,1998-06-07,,4,,hatch
b98.6,1998,nome,98nome104,sesa,,1998-06-09,,4,,hatch
b98.6,1998,nome,98nome66,sesa,,1998-06-02,,4,,hatch
b98.6,1998,nome,98nome136,sesa,,1998-06-21,,4,,
b99.6,1999,nome,99nome131,sesa,,1999-06-10,,4,,hatch
b97.6,1997,nome,97nome30,sesa,,1997-06-19,,4,,
b99.6,1999,nome,99nome125,sesa,,1999-06-15,,3,,hatch
b98.6,1998,nome,98nome71,wesa,bharrington,1998-06-03,,4,,float
b99.6,1999,nome,99nome303,wesa,,1999-06-08,,4,,lay
b99.5,1999,nome,99nome11,wesa,bharrington,1999-05-30,,4,,float
b99.6,1999,nome,99nome375,sesa,bharrington,1999-06-25,,4,,float
b94.6,1994,nome,94nome52,sesa,,1994-06-30,,4,,
b97.6,1997,nome,97nome199,sesa,,1997-06-10,,4,,
b98.6,1998,nome,98nome223,sesa,,1998-06-22,,3,,hatch
b97.5,1997,nome,97nome11,wesa,,1997-05-29,,4,,
b98.6,1998,nome,98nome68,wesa,bharrington,1998-06-02,,4,,float
b94.6,1994,nome,94nome332,sesa,bharrington,1994-06-08,,4,,float
b94.5,1994,nome,94nome312,wesa,,1994-05-29,,4,,
b94.5,1994,nome,94nome106,sesa,,1994-05-26,,4,,lay
b93.6,1993,nome,93nome334,sesa,,1993-06-13,,4,,hatch
b97.6,1997,nome,97nome120,wesa,,1997-06-16,,4,,
b95.6,1995,nome,95nome127,sesa,bharrington,1995-06-12,,4,,float
b97.6,1997,nome,97nome19,sesa,,1997-06-05,,4,,
b94.6,1994,nome,94nome338,sesa,,1994-06-26,,4,,hatch
b97.6,1997,nome,97nome131,sesa,,1997-06-14,,4,,
b11.6,2011,eaba,11eababbc04,bbpl,dkessler,2011-06-28,searcher,4,9.0,float
b11.7,2011,eaba,11eababbm02,bbpl,rlanctot,2011-07-04,searcher,4,9.0,float
b11.6,2011,eaba,11eababbm01,bbpl,abankert,2011-06-23,searcher,4,2.0,hatch
b11.7,2011,eaba,11eababbc05,bbpl,bhill,2011-07-08,searcher,3,4.0,float
b13.6,2013,eaba,13eababbe01,bbpl,amould,2013-06-27,searcher,4,11.0,float
b11.6,2011,eaba,11eababbc03,bbpl,dkessler,2011-06-28,searcher,4,11.0,float
b11.7,2011,eaba,11eababbh03,bbpl,jzamuido,2011-07-13,searcher,4,4.0,float
b13.6,2013,eaba,13eababbl01,bbpl,amould,2013-06-25,searcher,4,4.0,hatch
b13.6,2013,eaba,13eababba02,bbpl,amould,2013-06-25,searcher,4,3.0,hatch
b13.6,2013,eaba,13eababba03,bbpl,amould,2013-06-27,searcher,4,4.0,float
b13.6,2013,eaba,13eabarul01,rutu,dkessler,2013-06-22,searcher,4,,float
b11.6,2011,eaba,11eabarth02,rutu,dkessler,2011-06-29,searcher,4,6.0,float
b13.7,2013,eaba,13eabarul04,rutu,wenglish,2013-07-06,searcher,4,9.0,hatch
b13.7,2013,eaba,13eabarus01,rutu,amould,2013-07-01,searcher,4,7.0,float
b09.5,2009,nome,09nome09nome7,wesa,bharrington,2009-05-30,,4,,float
b09.6,2009,nome,09nome09nome23,wesa,jflamarre,2009-06-05,,4,,float
b09.6,2009,nome,09nome09nome37,sesa,jflamarre,2009-06-10,,4,,float
b09.6,2009,nome,09nome09nome39,wesa,jflamarre,2009-06-11,,4,,float
b13.6,2013,chur,13DB01,sepl,rlanctot,2013-06-05,,4,,
b14.7,2014,chur,14PR02,sepl,kkalasz,2014-07-02,,4,,
b13.6,2013,chur,13LL01,sepl,vloverti,2013-06-07,,4,,
b13.6,2013,chur,13LL03,sepl,vloverti,2013-06-11,,4,,
b13.6,2013,chur,13MP05,sepl,vloverti,2013-06-14,,2,,
b13.6,2013,chur,13PR03,sepl,vloverti,2013-06-09,,4,,
b13.6,2013,chur,13MP04,sepl,vloverti,2013-06-14,,4,,
b13.6,2013,chur,13PB03,sepl,dkessler,2013-06-23,,4,,
b13.6,2013,chur,13PR04,sepl,dkessler,2013-06-20,,4,,
b13.6,2013,chur,13BC02,sepl,dkessler,2013-06-23,,4,,
b13.6,2013,chur,13EP02,sepl,amould,2013-06-24,,3,,
b13.6,2013,chur,13MP01,sepl,vloverti,2013-06-07,,4,,
b14.6,2014,chur,14EP01,sepl,vloverti,2014-06-20,,4,,
b13.6,2013,chur,13HP03,sepl,dkessler,2013-06-20,,4,,
b13.6,2013,chur,13BC01,sepl,vloverti,2013-06-13,,4,,
b97.6,1997,nome,97nome195,sesa,,1997-06-19,,4,,
b97.6,1997,nome,97nome192,sesa,,1997-06-21,,4,,
b98.6,1998,nome,98nome59,wesa,bharrington,1998-06-01,,3,,float
b99.6,1999,nome,99nome202,wesa,bharrington,1999-06-01,,3,,float
b99.6,1999,nome,99nome81,wesa,,1999-06-04,,4,,hatch
b99.6,1999,nome,99nome312,sesa,,1999-06-11,,4,,hatch
b97.5,1997,nome,97nome17,wesa,,1997-05-23,,4,,
b94.5,1994,nome,94nome18,rnph,bharrington,1994-05-27,,4,,float
b97.5,1997,nome,97nome303,wesa,,1997-05-25,,4,,
b94.6,1994,nome,94nome34,rnph,,1994-06-01,,4,,hatch
b94.6,1994,nome,94nome119,wesa,bharrington,1994-06-05,,2,,float
b97.6,1997,nome,97nome122,wesa,,1997-06-01,,4,,
b95.6,1995,nome,95nome139,sesa,,1995-06-22,,3,,hatch
b94.6,1994,nome,94nome211,wesa,,1994-06-10,,3,,lay
b94.6,1994,nome,94nome125,rnph,bharrington,1994-06-10,,4,,float
b94.6,1994,nome,94nome132,rnph,bharrington,1994-06-14,,4,,float
b94.5,1994,nome,94nome108,wesa,bharrington,1994-05-26,,4,,float
b94.6,1994,nome,94nome127,rnph,,1994-06-11,,4,,hatch
b94.6,1994,nome,94nome133,rnph,,1994-06-18,,4,,
b97.5,1997,nome,97nome18,wesa,,1997-05-25,,4,,
b97.5,1997,nome,97nome301,wesa,,1997-05-23,,4,,
b94.6,1994,nome,94nome325,sesa,bharrington,1994-06-05,,3,,float
b94.6,1994,nome,94nome331,sesa,bharrington,1994-06-08,,3,,float
b94.5,1994,nome,94nome109,rnph,,1994-05-28,,4,,hatch
b94.6,1994,nome,94nome44,rnph,,1994-06-10,,4,,hatch
b94.6,1994,nome,94nome405,rnph,bharrington,1994-06-14,,4,,float
b94.6,1994,nome,94nome333,rnph,,1994-06-10,,4,,lay
b95.6,1995,nome,95nome137,rnph,,1995-06-20,,4,,hatch
b95.6,1995,nome,95nome228,sesa,bharrington,1995-06-09,,3,,float
b99.6,1999,nome,99nome6,wesa,bharrington,1999-06-07,,3,,float
b98.5,1998,nome,98nome48,wesa,,1998-05-31,,4,,hatch
b97.5,1997,nome,97nome26,wesa,,1997-05-23,,4,,
b95.6,1995,nome,95nome301,sesa,,1995-06-04,,4,,
b95.6,1995,nome,95nome36,rnph,bharrington,1995-06-06,,3,,float
b95.6,1995,nome,95nome112,rnph,,1995-06-03,,4,,hatch
b95.6,1995,nome,95nome231,sesa,bharrington,1995-06-13,,4,,float
b95.6,1995,nome,95nome233,rnph,,1995-06-15,,4,,hatch
b95.6,1995,nome,95nome235,rnph,bharrington,1995-06-17,,4,,float
b95.5,1995,nome,95nome11,rnph,bharrington,1995-05-27,,4,,float
b97.6,1997,nome,97nome9,sesa,,1997-06-01,,4,,
b95.6,1995,nome,95nome41,rnph,,1995-06-10,,4,,hatch
b95.6,1995,nome,95nome43,rnph,,1995-06-12,,4,,hatch
b95.6,1995,nome,95nome135,rnph,,1995-06-18,,4,,hatch
b95.6,1995,nome,95nome232,rnph,,1995-06-14,,4,,hatch
b95.6,1995,nome,95nome49,rnph,,1995-06-20,,4,,
b95.6,1995,nome,95nome48,rnph,bharrington,1995-06-17,,4,,float
b95.6,1995,nome,95nome133,rnph,,1995-06-17,,4,,hatch
b97.5,1997,nome,97nome129,wesa,,1997-05-23,,4,,
b97.5,1997,nome,97nome117,wesa,,1997-05-26,,4,,
b97.6,1997,nome,97nome40,wesa,,1997-06-03,,4,,
b97.6,1997,nome,97nome14,sesa,,1997-06-14,,3,,
b97.6,1997,nome,97nome10,wesa,,1997-06-11,,3,,
b96.6,1996,nome,96nome40,sesa,,1996-06-16,,4,,
b97.6,1997,nome,97nome32,sesa,,1997-06-12,,4,,
b96.6,1996,nome,96nome209,wesa,,1996-06-28,,,,
b97.5,1997,nome,97nome118,wesa,,1997-05-25,,4,,
b97.5,1997,nome,97nome204,wesa,,1997-05-25,,4,,
b98.5,1998,nome,98nome41,wesa,,1998-05-30,,4,,hatch
b98.6,1998,nome,98nome77,sesa,bharrington,1998-06-04,,4,,float
b99.6,1999,nome,99nome396,sesa,bharrington,1999-06-20,,4,,float
b97.6,1997,nome,97nome106,sesa,,1997-06-12,,4,,
b97.6,1997,nome,97nome15,wesa,,1997-06-08,,4,,
b97.6,1997,nome,97nome157,sesa,,1997-06-19,,4,,
b98.6,1998,nome,98nome100,wesa,,1998-06-03,,4,,hatch
b98.6,1998,nome,98nome79,wesa,bharrington,1998-06-10,,4,,float
b98.6,1998,nome,98nome110,sesa,,1998-06-15,,4,,hatch
b97.6,1997,nome,97nome198,sesa,,1997-06-10,,4,,
b98.6,1998,nome,98nome101,wesa,,1998-06-03,,4,,hatch
b98.6,1998,nome,98nome72,sesa,bharrington,1998-06-03,,4,,float
b98.6,1998,nome,98nome120,wesa,,1998-06-09,,4,,hatch
b98.6,1998,nome,98nome62,wesa,bharrington,1998-06-14,,4,,float
b98.6,1998,nome,98nome121,sesa,,1998-06-10,,4,,hatch
b99.6,1999,nome,99nome19,wesa,,1999-06-17,,4,,hatch
b99.6,1999,nome,99nome14,wesa,bharrington,1999-06-20,,4,,float
b99.6,1999,nome,99nome56,wesa,,1999-06-08,,2,,
b99.6,1999,nome,99nome123,wesa,bharrington,1999-06-10,,5,,float
b99.6,1999,nome,99nome61,wesa,,1999-06-11,,4,,hatch
b99.6,1999,nome,99nome108,sesa,,1999-06-16,,4,,hatch
b99.6,1999,nome,99nome307,sesa,,1999-06-07,,3,,hatch
b94.5,1994,nome,94nome305,rnph,bharrington,1994-05-23,,4,,float
b99.6,1999,nome,99nome126,wesa,,1999-06-02,,4,,hatch
b93.5,1993,nome,93nome101,sesa,,1993-05-28,,3,,
b97.5,1997,nome,97nome116,wesa,,1997-05-26,,4,,
b93.5,1993,nome,93nome122,sesa,bharrington,1993-05-31,,4,,float
b95.5,1995,nome,95nome211,sesa,bharrington,1995-05-31,,4,,float
b93.6,1993,nome,93nome313,sesa,,1993-06-03,,2,,lay
b95.5,1995,nome,95nome108,sesa,bharrington,1995-05-31,,4,,float
b98.6,1998,nome,98nome57,wesa,,1998-06-02,,4,,hatch
b93.6,1993,nome,93nome128,rnph,bharrington,1993-06-04,,4,,float
b97.6,1997,nome,97nome101,wesa,,1997-06-07,,3,,
b95.6,1995,nome,95nome300,sesa,,1995-06-03,,3,,lay
b97.6,1997,nome,97nome119,wesa,,1997-06-07,,3,,
b97.5,1997,nome,97nome111,wesa,,1997-05-25,,4,,
b96.6,1996,nome,96nome14,sesa,bharrington,1996-06-02,,4,,float
b98.5,1998,nome,98nome39,sesa,,1998-05-29,,4,,hatch
b93.5,1993,nome,93nome117,sesa,bharrington,1993-05-30,,4,,float
b97.6,1997,nome,97nome304,wesa,,1997-06-03,,4,,
b93.5,1993,nome,93nome402,sesa,bharrington,1993-05-31,,4,,float
b95.5,1995,nome,95nome25,wesa,bharrington,1995-05-31,,4,,float
b96.5,1996,nome,96nome107,wesa,bharrington,1996-05-27,,4,,float
b93.6,1993,nome,93nome314,wesa,bharrington,1993-06-03,,4,,float
b97.6,1997,nome,97nome23,sesa,,1997-06-03,,4,,
b97.5,1997,nome,97nome21,wesa,,1997-05-25,,4,,
b93.6,1993,nome,93nome25,sesa,bharrington,1993-06-06,,4,,float
b95.6,1995,nome,95nome123,wesa,bharrington,1995-06-09,,4,,float
b93.6,1993,nome,93nome141,sesa,,1993-06-15,,4,,hatch
b93.6,1993,nome,93nome502,wesa,,1993-06-06,,4,,
b94.5,1994,nome,94nome8,sesa,bharrington,1994-05-23,,4,,float
b95.5,1995,nome,95nome10,wesa,bharrington,1995-05-26,,4,,float
b93.6,1993,nome,93nome142,sesa,,1993-06-16,,4,,hatch
b94.6,1994,nome,94nome323,rnph,bharrington,1994-06-05,,4,,float
b94.5,1994,nome,94nome318,rnph,bharrington,1994-05-31,,4,,float
b94.6,1994,nome,94nome336,rnph,bharrington,1994-06-17,,4,,float
b93.6,1993,nome,93nome333,rnph,bharrington,1993-06-12,,4,,float
b94.6,1994,nome,94nome334,rnph,bharrington,1994-06-13,,4,,float
b93.6,1993,nome,93nome312,rnph,,1993-06-01,,4,,lay
b94.6,1994,nome,94nome337,rnph,,1994-06-18,,4,,hatch
b93.6,1993,nome,93nome409,rnph,,1993-06-15,,4,,
b94.6,1994,nome,94nome42,rnph,bharrington,1994-06-08,,4,,float
b93.6,1993,nome,93nome407,rnph,,1993-06-03,,4,,lay
b93.6,1993,nome,93nome412,rnph,bharrington,1993-06-16,,4,,float
b94.6,1994,nome,94nome129,rnph,,1994-06-12,,4,,lay
b93.6,1993,nome,93nome337,rnph,bharrington,1993-06-16,,4,,float
b93.6,1993,nome,93nome27,rnph,,1993-06-16,,4,,
b93.6,1993,nome,93nome350,rnph,,1993-06-11,,4,,
b13.6,2013,eaba,13eabarpa02,reph,amould,2013-06-30,searcher,4,17.0,hatch
b13.7,2013,eaba,13eabarpa04,reph,amould,2013-07-01,searcher,4,3.0,hatch
b13.7,2013,eaba,13eabarps04,reph,rlanctot,2013-07-04,searcher,4,0.0,float
b13.6,2013,eaba,13eabarpa03,reph,amould,2013-06-30,searcher,4,4.0,float
b13.6,2013,eaba,13eabarps02,reph,amould,2013-06-30,searcher,4,,lay
b13.7,2013,eaba,13eabarpl02,reph,wenglish,2013-07-09,searcher,4,,lay
b13.7,2013,eaba,13eabarpe03,reph,rlanctot,2013-07-04,searcher,4,8.0,float
b13.7,2013,eaba,13eabarpa06,reph,wenglish,2013-07-10,searcher,4,8.0,hatch
b13.7,2013,eaba,13eabarpe08,reph,wenglish,2013-07-11,searcher,4,0.0,float
b13.7,2013,eaba,13eabarpe06,reph,wenglish,2013-07-10,searcher,3,,lay
b13.7,2013,eaba,13eabarpe09,reph,bkaselow,2013-07-14,searcher,4,4.0,float
b13.7,2013,eaba,13eabarpa07,reph,bkaselow,2013-07-15,searcher,4,9.0,float
b13.7,2013,eaba,13eabarpe07,reph,wenglish,2013-07-11,searcher,4,0.0,float
b13.7,2013,eaba,13eabarpe05,reph,wenglish,2013-07-10,searcher,4,9.0,hatch
b13.7,2013,eaba,13eabarpe01,reph,amould,2013-07-01,searcher,4,,lay
b13.6,2013,eaba,13eabarps01,reph,amould,2013-06-28,searcher,4,0.0,float
b11.6,2011,eaba,11eababbv01,bbpl,dkessler,2011-06-24,searcher,4,2.0,float
b11.7,2011,eaba,11eababbh02,bbpl,ssaalfeld,2011-07-02,searcher,3,6.0,float
b13.7,2013,eaba,13eababba05,bbpl,amould,2013-07-03,searcher,4,1.0,float
b11.6,2011,eaba,11eabarth01,rutu,dkessler,2011-06-25,searcher,4,8.0,hatch
b11.6,2011,eaba,11eabartm02,rutu,dkessler,2011-06-26,searcher,4,6.0,float
b11.7,2011,eaba,11eabarth03,rutu,dkessler,2011-07-01,searcher,4,10.0,hatch
b11.6,2011,eaba,11eabartc01,rutu,dkessler,2011-06-29,searcher,4,8.0,float
b11.6,2011,eaba,11eabartc02,rutu,dkessler,2011-06-29,searcher,4,,lay
b11.7,2011,eaba,11eabarth06,rutu,bhill,2011-07-08,searcher,4,6.0,float
b11.7,2011,eaba,11eabartm04,rutu,bhill,2011-07-09,searcher,4,13.0,hatch
b13.7,2013,eaba,13eabarus02,rutu,wenglish,2013-07-06,searcher,4,4.0,float
b13.7,2013,eaba,13eabarul02,rutu,rlanctot,2013-07-04,searcher,4,16.0,float
b09.5,2009,nome,09nome09nome1,wesa,bharrington,2009-05-30,,4,,float
b09.5,2009,nome,09nome09nome5,wesa,bharrington,2009-05-30,,4,,float
b09.6,2009,nome,09nome09nome52,wesa,jflamarre,2009-06-17,,4,,float
b09.5,2009,nome,09nome09nome6,wesa,bharrington,2009-05-30,,4,,float
b09.6,2009,nome,09nome09nome15,wesa,jflamarre,2009-06-01,,4,,float
b09.6,2009,nome,09nome09nome25,sesa,jflamarre,2009-06-05,,4,,float
b09.6,2009,nome,09nome09nome28,sesa,jflamarre,2009-06-05,,4,,float
b09.6,2009,nome,09nome09nome46,sesa,jflamarre,2009-06-13,,4,,float
b09.6,2009,nome,09nome09nome38,sesa,jflamarre,2009-06-10,,4,,float
b08.6,2008,nome,08nome08nome4,wesa,edastrous,2008-06-03,,4,,float
b08.6,2008,nome,08nome08nome8,wesa,edastrous,2008-06-04,,4,,float
b08.6,2008,nome,08nome08nome10,wesa,edastrous,2008-06-04,,4,,float
b08.6,2008,nome,08nome08nome14,wesa,edastrous,2008-06-04,,4,,float
b08.6,2008,nome,08nome08nome18,wesa,edastrous,2008-06-04,,3,,float
b08.6,2008,nome,08nome08nome26,wesa,edastrous,2008-06-07,,2,,float
b08.6,2008,nome,08nome08nome22,wesa,edastrous,2008-06-05,,4,,float
b08.6,2008,nome,08nome08nome32,wesa,edastrous,2008-06-07,,4,,float
b08.6,2008,nome,08nome08nome28,wesa,edastrous,2008-06-07,,4,,float
b08.6,2008,nome,08nome08nome30,wesa,edastrous,2008-06-07,,4,,float
b08.6,2008,nome,08nome08nome29,wesa,edastrous,2008-06-07,,3,,float
b08.6,2008,nome,08nome08nome37,wesa,edastrous,2008-06-09,,3,,float
b08.6,2008,nome,08nome08nome38,wesa,edastrous,2008-06-14,,4,,
b08.6,2008,nome,08nome08nome25,wesa,edastrous,2008-06-06,,2,,float
b08.6,2008,nome,08nome08nome35,wesa,edastrous,2008-06-07,,4,,float
b08.6,2008,nome,08nome08nome33,wesa,edastrous,2008-06-07,,4,,float
b13.6,2013,chur,13MP02R,sepl,dkessler,2013-06-18,,4,,
b14.6,2014,chur,14MP02,sepl,vloverti,2014-06-13,,3,,
b13.6,2013,chur,13PB05,sepl,amould,2013-06-30,,4,,
b13.6,2013,chur,13PR02,sepl,vloverti,2013-06-07,,4,,
b13.6,2013,chur,13MP02,sepl,vloverti,2013-06-10,,1,,
b14.6,2014,chur,14LL02,sepl,vloverti,2014-06-16,,3,,
b14.6,2014,chur,14TL02,sepl,vloverti,2014-06-13,,4,,
b13.6,2013,chur,13GB01,sepl,vloverti,2013-06-12,,4,,
b13.6,2013,chur,13GB04,sepl,vloverti,2013-06-17,,4,,
b13.6,2013,chur,13EP01,sepl,amould,2013-06-24,,4,,
b13.6,2013,chur,13GB03,sepl,vloverti,2013-06-17,,4,,
b14.7,2014,chur,14GB04,sepl,mballvanzee,2014-07-23,,,,
b14.7,2014,chur,14PR03,sepl,dhodkinson,2014-07-13,,4,,
b13.6,2013,chur,13EP03,sepl,amould,2013-06-24,,4,,
b98.6,1998,nome,93nome123b,wesa,bharrington,1998-06-10,,4,,float
b98.6,1998,nome,98nome300,wesa,bharrington,1998-06-10,,4,,float
b98.6,1998,nome,98nome107,sesa,bharrington,1998-06-07,,4,,float
b99.6,1999,nome,99nome305,wesa,,1999-06-25,,4,,hatch
b99.6,1999,nome,99nome52,wesa,,1999-06-08,,4,,hatch
b97.6,1997,nome,97nome33,wesa,,1997-06-13,,3,,
b97.6,1997,nome,97nome144,wesa,,1997-06-17,,,,
b98.6,1998,nome,98nome375,wesa,,1998-06-17,,4,,
b94.6,1994,nome,94nome114,wesa,,1994-06-01,,3,,lay
b94.5,1994,nome,94nome2,wesa,bharrington,1994-05-21,,4,,float
b94.5,1994,nome,94nome9,wesa,bharrington,1994-05-24,,4,,float
b95.5,1995,nome,95nome3,wesa,bharrington,1995-05-21,,4,,float
b94.5,1994,nome,94nome201,wesa,,1994-05-23,,4,,hatch
b96.5,1996,nome,96nome200,wesa,,1996-05-18,,4,,lay
b95.6,1995,nome,95nome216,wesa,,1995-06-01,,4,,hatch
b96.5,1996,nome,96nome306,wesa,,1996-05-26,,4,,hatch
b94.5,1994,nome,94nome16,wesa,bharrington,1994-05-26,,4,,float
b94.5,1994,nome,94nome17,wesa,bharrington,1994-05-27,,4,,float
b94.5,1994,nome,94nome15,wesa,bharrington,1994-05-26,,4,,float
b94.5,1994,nome,94nome23,wesa,bharrington,1994-05-28,,4,,float
b94.5,1994,nome,94nome314,wesa,,1994-05-29,,4,,hatch
b94.5,1994,nome,94nome313,wesa,,1994-05-29,,4,,hatch
b94.5,1994,nome,94nome204,wesa,,1994-05-26,,3,,lay
b94.6,1994,nome,94nome31,sesa,,1994-06-01,,4,,hatch
b95.6,1995,nome,95nome119,sesa,bharrington,1995-06-07,,4,,float
b94.5,1994,nome,94nome317,sesa,bharrington,1994-05-31,,4,,float
b94.6,1994,nome,94nome35,sesa,bharrington,1994-06-03,,3,,float
b95.6,1995,nome,95nome230,sesa,,1995-06-09,,4,,
b94.5,1994,nome,94nome21,sesa,bharrington,1994-05-28,,4,,float
b94.5,1994,nome,94nome24,wesa,bharrington,1994-05-28,,3,,float
b94.5,1994,nome,94nome112,sesa,,1994-05-31,,4,,lay
b94.6,1994,nome,94nome208,sesa,bharrington,1994-06-07,,3,,float
b94.6,1994,nome,94nome39,sesa,bharrington,1994-06-06,,2,,float
b95.6,1995,nome,95nome134,sesa,,1995-06-18,,3,,hatch
b96.6,1996,nome,96nome129,sesa,,1996-06-16,,4,,hatch
b97.5,1997,nome,97nome34,wesa,,1997-05-25,,4,,
b94.5,1994,nome,94nome101,wesa,bharrington,1994-05-21,,4,,float
b95.5,1995,nome,95nome26,wesa,bharrington,1995-05-31,,4,,float
b94.5,1994,nome,94nome13,wesa,bharrington,1994-05-26,,4,,float
b94.5,1994,nome,94nome110,wesa,bharrington,1994-05-29,,4,,float
b95.5,1995,nome,95nome2,wesa,,1995-05-20,,4,,lay
b96.6,1996,nome,96nome112,wesa,bharrington,1996-06-02,,4,,float
b94.5,1994,nome,94nome303,sesa,,1994-05-23,,4,,lay
b97.6,1997,nome,97nome108,sesa,,1997-06-04,,4,,
b95.5,1995,nome,95nome213,wesa,,1995-05-31,,4,,lay
b96.6,1996,nome,96nome19,wesa,,1996-06-02,,4,,hatch
b99.6,1999,nome,99nome54,wesa,,1999-06-12,,4,,hatch
b97.5,1997,nome,97nome44,wesa,,1997-05-27,,4,,
b94.5,1994,nome,94nome113,wesa,,1994-05-31,,4,,hatch
b94.5,1994,nome,94nome203,sesa,,1994-05-26,,4,,hatch
b95.6,1995,nome,95nome220,sesa,,1995-06-02,,4,,hatch
b94.5,1994,nome,94nome20,sesa,bharrington,1994-05-28,,4,,float
b95.5,1995,nome,95nome18,sesa,bharrington,1995-05-29,,4,,float
b94.6,1994,nome,94nome120,sesa,bharrington,1994-06-06,,4,,float
b94.6,1994,nome,94nome123,sesa,bharrington,1994-06-08,,4,,float
b94.6,1994,nome,94nome124,sesa,bharrington,1994-06-10,,3,,float
b94.6,1994,nome,94nome126,wesa,bharrington,1994-06-10,,3,,float
b95.5,1995,nome,95nome101,wesa,bharrington,1995-05-27,,4,,float
b96.5,1996,nome,96nome201,wesa,,1996-05-24,,4,,hatch
b94.5,1994,nome,94nome7,wesa,bharrington,1994-05-23,,4,,float
b95.6,1995,nome,95nome221,wesa,,1995-06-03,,4,,hatch
b94.5,1994,nome,94nome300,wesa,,1994-05-21,,4,,lay
b94.5,1994,nome,94nome304,wesa,,1994-05-23,,4,,lay
b94.5,1994,nome,94nome12,wesa,bharrington,1994-05-25,,4,,float
b95.5,1995,nome,95nome27,wesa,bharrington,1995-05-31,,4,,float
b94.5,1994,nome,94nome3,wesa,,1994-05-22,,4,,lay
b94.5,1994,nome,94nome315,wesa,,1994-05-29,,3,,hatch
b94.5,1994,nome,94nome30,wesa,,1994-05-31,,2,,hatch
b97.6,1997,nome,97nome20,sesa,,1997-06-12,,4,,
b94.6,1994,nome,94nome319,wesa,,1994-06-01,,3,,
b94.6,1994,nome,94nome322,sesa,,1994-06-03,,4,,hatch
b94.6,1994,nome,94nome329,sesa,,1994-06-07,,4,,hatch
b94.6,1994,nome,94nome403,sesa,bharrington,1994-06-08,,3,,float
b95.6,1995,nome,95nome113,sesa,,1995-06-03,,4,,hatch
b94.6,1994,nome,94nome206,sesa,,1994-06-05,,3,,lay
b94.6,1994,nome,94nome402,sesa,,1994-06-07,,3,,hatch
b94.6,1994,nome,94nome404,sesa,,1994-06-10,,4,,lay
b96.6,1996,nome,96nome42,sesa,,1996-06-19,,4,,hatch
b94.6,1994,nome,94nome335,sesa,bharrington,1994-06-15,,4,,float
b94.6,1994,nome,94nome401,wesa,,1994-06-06,,3,,
b94.6,1994,nome,94nome40,wesa,bharrington,1994-06-07,,4,,float
b95.5,1995,nome,95nome208,wesa,,1995-05-27,,4,,lay
b95.6,1995,nome,95nome37,wesa,bharrington,1995-06-08,,4,,float
b97.5,1997,nome,97nome4,wesa,,1997-05-27,,4,,
b94.6,1994,nome,94nome45,sesa,bharrington,1994-06-11,,4,,float
b94.6,1994,nome,94nome330,sesa,,1994-06-08,,3,,lay
b94.6,1994,nome,94nome321,sesa,bharrington,1994-06-03,,4,,float
b94.6,1994,nome,94nome213,wesa,,1994-06-12,,4,,hatch
b94.6,1994,nome,94nome122,sesa,,1994-06-07,,3,,lay
b95.5,1995,nome,95nome102,wesa,,1995-05-27,,4,,lay
b94.6,1994,nome,94nome48,wesa,,1994-06-13,,4,,hatch
b94.6,1994,nome,94nome49,sesa,,1994-06-14,,4,,
b95.5,1995,nome,95nome24,sesa,bharrington,1995-05-31,,4,,float
b95.6,1995,nome,95nome122,sesa,bharrington,1995-06-09,,4,,float
b94.6,1994,nome,94nome46,sesa,,1994-06-14,,4,,hatch
b94.6,1994,nome,94nome131,sesa,,1994-06-13,,3,,hatch
b95.6,1995,nome,95nome32,sesa,bharrington,1995-06-03,,4,,float
b94.6,1994,nome,94nome326,sesa,,1994-06-06,,4,,lay
b95.6,1995,nome,95nome40,sesa,,1995-06-10,,4,,hatch
b94.6,1994,nome,94nome327,sesa,bharrington,1994-06-06,,3,,float
b95.6,1995,nome,95nome110,wesa,,1995-06-02,,4,,hatch
b95.5,1995,nome,95nome204,wesa,bharrington,1995-05-26,,4,,float
b96.5,1996,nome,96nome300,wesa,bharrington,1996-05-21,,4,,float
b97.5,1997,nome,97nome16,wesa,,1997-05-26,,4,,
b95.6,1995,nome,95nome226,wesa,,1995-06-07,,3,,hatch
b96.6,1996,nome,96nome22,wesa,,1996-06-03,,3,,lay
b95.6,1995,nome,95nome115,wesa,,1995-06-03,,4,,lay
b95.5,1995,nome,95nome209,sesa,bharrington,1995-05-29,,4,,float
b95.6,1995,nome,95nome218,sesa,,1995-06-02,,4,,hatch
b95.5,1995,nome,95nome8,sesa,,1995-05-26,,4,,lay
b95.6,1995,nome,95nome33,sesa,,1995-06-04,,4,,lay
b96.6,1996,nome,96nome18,wesa,,1996-06-02,,4,,hatch
b95.5,1995,nome,95nome14,wesa,bharrington,1995-05-29,,4,,float
b95.6,1995,nome,95nome114,sesa,bharrington,1995-06-03,,4,,float
b95.6,1995,nome,95nome117,wesa,bharrington,1995-06-05,,4,,float
b95.5,1995,nome,95nome6,wesa,,1995-05-23,,4,,lay
b95.6,1995,nome,95nome126,sesa,bharrington,1995-06-12,,4,,float
b97.5,1997,nome,97nome206,wesa,,1997-05-28,,4,,
b95.5,1995,nome,95nome200,wesa,bharrington,1995-05-23,,4,,float
b96.5,1996,nome,96nome4,wesa,bharrington,1996-05-21,,4,,float
b95.5,1995,nome,95nome9,wesa,,1995-05-26,,4,,hatch
b95.5,1995,nome,95nome17,sesa,bharrington,1995-05-29,,4,,float
b95.5,1995,nome,95nome13,sesa,bharrington,1995-05-27,,4,,float
b95.5,1995,nome,95nome16,sesa,,1995-05-29,,4,,lay
b95.6,1995,nome,95nome111,sesa,,1995-06-03,,4,,hatch
b95.5,1995,nome,95nome104,wesa,,1995-05-30,,4,,hatch
b95.6,1995,nome,95nome219,wesa,,1995-06-02,,4,,lay
b96.6,1996,nome,96nome207,sesa,,1996-06-20,,2,,hatch
b95.5,1995,nome,95nome109,sesa,,1995-05-31,,4,,hatch
b95.5,1995,nome,95nome107,sesa,bharrington,1995-05-31,,4,,float
b96.6,1996,nome,96nome125,wesa,,1996-06-12,,4,,hatch
b95.6,1995,nome,95nome120,wesa,,1995-06-07,,4,,hatch
b96.5,1996,nome,96nome1,wesa,,1996-05-14,,4,,lay
b98.6,1998,nome,98nome63,sesa,bharrington,1998-06-02,,4,,float
b96.6,1996,nome,96nome32,sesa,,1996-06-08,,4,,hatch
b95.6,1995,nome,95nome30,sesa,,1995-06-03,,4,,lay
b97.6,1997,nome,97nome13,sesa,,1997-06-17,,4,,
b95.6,1995,nome,95nome28,wesa,,1995-06-02,,4,,lay
b95.6,1995,nome,95nome44,wesa,,1995-06-13,,4,,lay
b98.6,1998,nome,98nome102,sesa,,1998-06-03,,4,,hatch
b95.6,1995,nome,95nome225,sesa,bharrington,1995-06-07,,4,,float
b96.6,1996,nome,96nome31,sesa,,1996-06-08,,4,,hatch
b95.6,1995,nome,95nome125,wesa,,1995-06-12,,3,,hatch
b95.6,1995,nome,95nome47,sesa,bharrington,1995-06-15,,3,,float
b95.5,1995,nome,95nome21,wesa,bharrington,1995-05-30,,4,,float
b95.6,1995,nome,95nome38,sesa,bharrington,1995-06-09,,4,,float
b95.6,1995,nome,95nome130,sesa,,1995-06-15,,3,,hatch
b96.6,1996,nome,96nome35,sesa,,1996-06-10,,4,,hatch
b95.6,1995,nome,95nome136,wesa,,1995-06-19,,3,,hatch
b96.5,1996,nome,96nome303,wesa,bharrington,1996-05-25,,4,,float
b97.5,1997,nome,97nome128,wesa,,1997-05-23,,4,,
b95.6,1995,nome,95nome131,sesa,,1995-06-17,,4,,hatch
b96.6,1996,nome,96nome131,sesa,,1996-06-20,,4,,hatch
b95.6,1995,nome,95nome236,wesa,,1995-06-18,,4,,
b95.6,1995,nome,95nome46,wesa,bharrington,1995-06-15,,4,,float
b96.5,1996,nome,96nome203,wesa,,1996-05-25,,4,,hatch
b95.6,1995,nome,95nome237,wesa,,1995-06-18,,4,,hatch
b96.6,1996,nome,96nome118,sesa,,1996-06-08,,4,,lay
b98.6,1998,nome,98nome78,sesa,,1998-06-04,,4,,hatch
b96.6,1996,nome,96nome120,wesa,,1996-06-08,,4,,hatch
b99.5,1999,nome,99nome59,wesa,,1999-05-28,,4,,lay
b96.5,1996,nome,96nome103,wesa,bharrington,1996-05-24,,4,,float
b98.5,1998,nome,98nome38,wesa,,1998-05-29,,4,,hatch
b96.5,1996,nome,96nome102,wesa,bharrington,1996-05-22,,4,,float
b97.5,1997,nome,97nome109,wesa,,1997-05-25,,4,,
b98.6,1998,nome,98nome55,wesa,,1998-06-02,,4,,hatch
b96.6,1996,nome,96nome44,wesa,bharrington,1996-06-20,,3,,float
b96.5,1996,nome,96nome308,wesa,,1996-05-27,,4,,hatch
b96.5,1996,nome,96nome12,wesa,,1996-05-31,,4,,lay
b96.5,1996,nome,96nome202,wesa,,1996-05-24,,4,,hatch
b96.5,1996,nome,96nome304,wesa,,1996-05-26,,4,,hatch
b96.5,1996,nome,96nome104,wesa,,1996-05-25,,4,,lay
b96.5,1996,nome,96nome9,wesa,bharrington,1996-05-30,,4,,float
b96.5,1996,nome,96nome11,wesa,,1996-05-30,,4,,hatch
b96.5,1996,nome,96nome13,wesa,,1996-05-31,,4,,hatch
b96.5,1996,nome,96nome101,wesa,,1996-05-22,,4,,lay
b96.5,1996,nome,96nome301,wesa,,1996-05-24,,4,,hatch
b96.5,1996,nome,96nome105,wesa,,1996-05-27,,4,,hatch
b96.5,1996,nome,96nome110,wesa,,1996-05-31,,4,,hatch
b97.5,1997,nome,97nome308,wesa,,1997-05-26,,4,,
b96.5,1996,nome,96nome109,wesa,,1996-05-27,,4,,hatch
b96.6,1996,nome,96nome113,wesa,,1996-06-02,,4,,lay
b96.5,1996,nome,96nome10,wesa,bharrington,1996-05-30,,4,,float
b96.6,1996,nome,96nome115,sesa,,1996-06-03,,4,,hatch
b96.5,1996,nome,96nome108,wesa,,1996-05-27,,4,,lay
b96.6,1996,nome,96nome21,sesa,bharrington,1996-06-03,,4,,float
b97.6,1997,nome,97nome42,sesa,,1997-06-10,,4,,
b96.6,1996,nome,96nome25,sesa,,1996-06-04,,4,,hatch
b96.5,1996,nome,96nome8,wesa,,1996-05-26,,4,,hatch
b96.5,1996,nome,96nome307,wesa,,1996-05-27,,4,,lay
b99.6,1999,nome,99nome47,wesa,,1999-06-17,,4,,hatch
b96.6,1996,nome,96nome27,wesa,,1996-06-04,,4,,lay
b96.5,1996,nome,96nome309,wesa,,1996-05-30,,4,,hatch
b96.6,1996,nome,96nome28,sesa,,1996-06-04,,4,,hatch
b96.5,1996,nome,96nome310,wesa,,1996-05-30,,3,,lay
b96.5,1996,nome,96nome311,sesa,,1996-05-30,,4,,hatch
b96.6,1996,nome,96nome34,wesa,,1996-06-08,,4,,hatch
b96.6,1996,nome,96nome20,wesa,,1996-06-03,,4,,lay
b96.6,1996,nome,96nome26,wesa,,1996-06-04,,4,,lay
b96.6,1996,nome,96nome16,sesa,,1996-06-02,,2,,lay
b96.6,1996,nome,96nome30,wesa,,1996-06-07,,4,,hatch
b96.5,1996,nome,96nome312,sesa,bharrington,1996-05-30,,4,,float
b96.6,1996,nome,96nome121,wesa,,1996-06-08,,4,,hatch
b98.5,1998,nome,98nome44,wesa,,1998-05-30,,4,,hatch
b96.6,1996,nome,96nome111,wesa,bharrington,1996-06-02,,4,,float
b96.6,1996,nome,96nome205,wesa,,1996-06-19,,,,
b96.6,1996,nome,96nome206,wesa,,1996-06-19,,4,,hatch
b96.6,1996,nome,96nome130,wesa,,1996-06-18,,3,,lay
b96.6,1996,nome,96nome45,wesa,,1996-06-21,,,,
b96.6,1996,nome,96nome46,wesa,,1996-06-21,,,,
b97.6,1997,nome,97nome107,sesa,,1997-06-11,,4,,
b96.6,1996,nome,96nome122,wesa,,1996-06-09,,3,,
b98.6,1998,nome,98nome67,wesa,,1998-06-02,,4,,hatch
b96.6,1996,nome,96nome124,wesa,,1996-06-10,,4,,
b97.5,1997,nome,97nome8,wesa,,1997-05-26,,4,,
b99.5,1999,nome,99nome101,wesa,,1999-05-30,,3,,hatch
b96.6,1996,nome,96nome127,wesa,,1996-06-16,,,,
b96.5,1996,nome,96nome305,wesa,,1996-05-26,,4,,lay
b96.6,1996,nome,96nome29,wesa,bharrington,1996-06-05,,4,,float
b96.6,1996,nome,96nome37,wesa,,1996-06-13,,4,,hatch
b97.5,1997,nome,97nome201,wesa,,1997-05-26,,4,,
b99.6,1999,nome,99nome105,wesa,,1999-06-01,,3,,hatch
b97.6,1997,nome,97nome187,sesa,,1997-06-19,,4,,
b96.6,1996,nome,96nome123,wesa,,1996-06-10,,4,,hatch
b98.5,1998,nome,98nome47,wesa,,1998-05-31,,4,,hatch
b96.6,1996,nome,96nome128,sesa,,1996-06-15,,4,,hatch
b96.6,1996,nome,96nome41,wesa,,1996-06-17,,,,
b97.5,1997,nome,97nome24,wesa,,1997-05-26,,4,,
b96.6,1996,nome,96nome208,wesa,,1996-06-23,,3,,
b98.6,1998,nome,98nome81,sesa,,1998-06-09,,4,,hatch
b98.6,1998,nome,98nome70,sesa,,1998-06-03,,4,,hatch
b97.5,1997,nome,97nome27,wesa,,1997-05-25,,4,,
b97.5,1997,nome,97nome203,wesa,,1997-05-27,,4,,
b97.6,1997,nome,97nome600,sesa,,1997-06-17,,4,,
b97.6,1997,nome,97nome6,sesa,,1997-06-06,,4,,
b97.5,1997,nome,97nome1,wesa,,1997-05-27,,4,,
b97.5,1997,nome,97nome200,wesa,,1997-05-25,,4,,
b97.5,1997,nome,97nome113,wesa,,1997-05-25,,3,,
b97.5,1997,nome,97nome105,wesa,,1997-05-23,,4,,
b97.6,1997,nome,97nome100,sesa,,1997-06-04,,4,,
b98.6,1998,nome,98nome56,sesa,,1998-06-01,,4,,hatch
b97.5,1997,nome,97nome121,wesa,,1997-05-29,,4,,
b98.6,1998,nome,98nome1,wesa,,1998-06-16,,4,,hatch
b97.6,1997,nome,97nome38,wesa,,1997-06-13,,4,,
b97.6,1997,nome,97nome305,wesa,,1997-06-14,,4,,
b97.6,1997,nome,97nome194,wesa,,1997-06-21,,3,,
b98.5,1998,nome,98nome40,wesa,,1998-05-30,,4,,hatch
b98.6,1998,nome,98nome69,sesa,bharrington,1998-06-02,,4,,float
b98.6,1998,nome,98nome76,wesa,,1998-06-08,,4,,hatch
b98.6,1998,nome,98nome80,wesa,,1998-06-04,,4,,hatch
b98.6,1998,nome,98nome85,wesa,,1998-06-07,,3,,lay
b98.6,1998,nome,98nome82,wesa,,1998-06-10,,4,,hatch
b98.6,1998,nome,98nome122,sesa,bharrington,1998-06-10,,4,,float
b98.5,1998,nome,98nome42,wesa,,1998-05-30,,4,,hatch
b98.6,1998,nome,98nome75,wesa,,1998-06-04,,4,,hatch
b97.5,1997,nome,97nome309,wesa,,1997-05-25,,4,,
b97.5,1997,nome,97nome115,wesa,,1997-05-25,,4,,
b97.5,1997,nome,97nome310,wesa,,1997-05-25,,2,,
b97.6,1997,nome,97nome314,wesa,,1997-06-04,,4,,
b97.5,1997,nome,97nome311,sesa,,1997-05-29,,4,,
b97.6,1997,nome,97nome306,wesa,,1997-06-09,,4,,
b98.6,1998,nome,98nome123,wesa,,1998-06-16,,4,,lay
b98.5,1998,nome,98nome51,sesa,,1998-05-31,,4,,hatch
b98.5,1998,nome,98nome50,wesa,,1998-05-31,,3,,hatch
b98.6,1998,nome,98nome65,wesa,,1998-06-02,,4,,hatch
b98.5,1998,nome,98nome52,wesa,,1998-05-31,,4,,hatch
b98.6,1998,nome,98nome74,wesa,,1998-06-04,,3,,hatch
b99.6,1999,nome,99nome60,wesa,,1999-06-07,,4,,hatch
b98.6,1998,nome,98nome64,wesa,,1998-06-03,,4,,hatch
b98.6,1998,nome,98nome127,wesa,,1998-06-13,,4,,hatch
b98.6,1998,nome,98nome114,wesa,,1998-06-13,,4,,hatch
b98.6,1998,nome,98nome124,sesa,,1998-06-10,,4,,hatch
b98.6,1998,nome,98nome211,wesa,,1998-06-24,,4,,hatch
b99.6,1999,nome,99nome50,wesa,bharrington,1999-06-01,,4,,float
b99.6,1999,nome,99nome128,wesa,,1999-06-15,,4,,hatch
b99.6,1999,nome,99nome104,wesa,,1999-06-01,,1,,hatch
b99.6,1999,nome,99nome707,sesa,,1999-06-18,,,,
b99.6,1999,nome,99nome204,sesa,,1999-06-18,,4,,hatch
b99.6,1999,nome,99nome79,sesa,bharrington,1999-06-15,,4,,float
b99.6,1999,nome,99nome17,wesa,,1999-06-22,,3,,hatch
b99.6,1999,nome,99nome133,sesa,,1999-06-08,,4,,hatch
b99.6,1999,nome,99nome136,sesa,,1999-06-08,,4,,hatch
b99.6,1999,nome,99nome100,wesa,,1999-06-15,,4,,hatch
b99.6,1999,nome,99nome5,wesa,,1999-06-15,,3,,hatch
b99.6,1999,nome,99nome206,sesa,,1999-06-16,,3,,hatch
b99.6,1999,nome,99nome106,wesa,,1999-06-01,,3,,
b99.6,1999,nome,99nome122,wesa,,1999-06-11,,4,,hatch
b99.6,1999,nome,99nome107,wesa,,1999-06-23,,4,,
b96.6,1996,nome,96nome119,wesa,,1996-06-08,,4,,hatch
b95.6,1995,nome,95nome305,wesa,,1995-06-08,,4,,lay
b96.6,1996,nome,96nome17,wesa,,1996-06-02,,4,,hatch
b96.6,1996,nome,96nome43,sesa,,1996-06-20,,4,,hatch
b94.5,1994,nome,94nome10,sesa,,1994-05-24,,4,,lay
b95.6,1995,nome,95nome29,sesa,,1995-06-02,,4,,hatch
b94.5,1994,nome,94nome5,wesa,,1994-05-23,,4,,hatch
b95.5,1995,nome,95nome202,wesa,bharrington,1995-05-24,,4,,float
b96.5,1996,nome,96nome6,wesa,bharrington,1996-05-24,,4,,float
b98.5,1998,nome,98nome45,wesa,,1998-05-30,,4,,hatch
b93.5,1993,nome,93nome18,wesa,,1993-05-31,,4,,hatch
b93.5,1993,nome,93nome110,sesa,,1993-05-28,,4,,lay
b93.5,1993,nome,93nome106,sesa,bharrington,1993-05-28,,4,,float
b95.5,1995,nome,95nome210,wesa,,1995-05-30,,4,,hatch
b93.6,1993,nome,93nome20,wesa,,1993-06-04,,4,,hatch
b93.5,1993,nome,93nome3,sesa,,1993-05-27,,4,,lay
b93.5,1993,nome,93nome4,sesa,,1993-05-27,,4,,hatch
b94.5,1994,nome,94nome26,sesa,bharrington,1994-05-28,,4,,float
b93.5,1993,nome,93nome5,wesa,,1993-05-27,,4,,lay
b93.5,1993,nome,93nome303,sesa,bharrington,1993-05-28,,4,,float
b97.6,1997,nome,97nome7,sesa,,1997-06-04,,4,,
b93.5,1993,nome,93nome6,sesa,bharrington,1993-05-27,,4,,float
b94.5,1994,nome,94nome28,sesa,bharrington,1994-05-30,,4,,float
b95.6,1995,nome,95nome229,sesa,,1995-06-09,,4,,
b96.6,1996,nome,96nome126,sesa,,1996-06-13,,4,,hatch
b93.5,1993,nome,93nome302,sesa,bharrington,1993-05-27,,4,,float
b93.5,1993,nome,93nome111,sesa,,1993-05-28,,4,,hatch
b94.5,1994,nome,94nome25,sesa,,1994-05-28,,4,,hatch
b95.5,1995,nome,95nome205,sesa,,1995-05-26,,4,,hatch
b93.5,1993,nome,93nome2,sesa,,1993-05-27,,3,,
b93.5,1993,nome,93nome104,sesa,bharrington,1993-05-28,,4,,float
b93.5,1993,nome,93nome103,sesa,,1993-05-28,,4,,hatch
b95.5,1995,nome,95nome23,sesa,,1995-05-30,,4,,lay
b93.5,1993,nome,93nome105,sesa,bharrington,1993-05-28,,4,,float
b93.5,1993,nome,93nome119,wesa,,1993-05-31,,4,,hatch
b93.5,1993,nome,93nome121,wesa,bharrington,1993-05-31,,4,,float
b94.5,1994,nome,94nome11,wesa,bharrington,1994-05-24,,4,,float
b93.5,1993,nome,93nome123,wesa,bharrington,1993-05-31,,4,,float
b93.5,1993,nome,93nome304,sesa,bharrington,1993-05-28,,4,,float
b93.5,1993,nome,93nome108,sesa,bharrington,1993-05-28,,4,,float
b93.6,1993,nome,93nome124,sesa,,1993-06-01,,4,,hatch
b93.6,1993,nome,93nome126,sesa,bharrington,1993-06-01,,4,,float
b95.5,1995,nome,95nome19,wesa,,1995-05-29,,4,,hatch
b96.5,1996,nome,96nome302,wesa,bharrington,1996-05-24,,4,,float
b93.5,1993,nome,93nome102,wesa,bharrington,1993-05-28,,4,,float
b94.5,1994,nome,94nome306,wesa,,1994-05-23,,4,,hatch
b94.6,1994,nome,94nome47,sesa,bharrington,1994-06-12,,3,,float
b93.6,1993,nome,93nome130,sesa,bharrington,1993-06-04,,4,,float
b94.5,1994,nome,94nome29,sesa,bharrington,1994-05-31,,4,,float
b93.5,1993,nome,93nome306,sesa,,1993-05-29,,3,,hatch
b93.5,1993,nome,93nome1,wesa,,1993-05-27,,4,,
b93.5,1993,nome,93nome301,wesa,bharrington,1993-05-27,,4,,float
b94.5,1994,nome,94nome202,wesa,,1994-05-23,,4,,lay
b93.5,1993,nome,93nome12,sesa,bharrington,1993-05-29,,4,,float
b93.5,1993,nome,93nome13,sesa,bharrington,1993-05-30,,4,,float
b93.5,1993,nome,93nome15,wesa,bharrington,1993-05-30,,4,,float
b94.5,1994,nome,94nome310,wesa,bharrington,1994-05-26,,4,,float
b96.6,1996,nome,96nome33,wesa,bharrington,1996-06-08,,4,,float
b93.5,1993,nome,93nome16,wesa,bharrington,1993-05-30,,4,,float
b96.5,1996,nome,96nome2,wesa,,1996-05-18,,4,,lay
b94.5,1994,nome,94nome102,wesa,,1994-05-23,,4,,hatch
b93.5,1993,nome,93nome17,wesa,bharrington,1993-05-30,,4,,float
b94.5,1994,nome,94nome22,wesa,,1994-05-28,,4,,hatch
b94.6,1994,nome,94nome320,wesa,,1994-06-02,,4,,hatch
b95.5,1995,nome,95nome201,wesa,,1995-05-24,,4,,lay
b96.5,1996,nome,96nome7,wesa,,1996-05-26,,4,,hatch
b93.5,1993,nome,93nome309,wesa,bharrington,1993-05-31,,4,,float
b94.6,1994,nome,94nome116,sesa,bharrington,1994-06-02,,4,,float
b95.5,1995,nome,95nome20,sesa,bharrington,1995-05-30,,4,,float
b93.5,1993,nome,93nome8,sesa,,1993-05-28,,4,,hatch
b93.5,1993,nome,93nome200,sesa,,1993-05-31,,4,,hatch
b94.6,1994,nome,94nome36,sesa,bharrington,1994-06-03,,4,,float
b95.5,1995,nome,95nome215,sesa,bharrington,1995-05-31,,4,,float
b93.5,1993,nome,93nome9,wesa,bharrington,1993-05-29,,4,,float
b95.5,1995,nome,95nome105,sesa,bharrington,1995-05-30,,4,,float
b96.6,1996,nome,96nome36,sesa,,1996-06-10,,4,,hatch
b93.6,1993,nome,93nome19,sesa,bharrington,1993-06-04,,4,,float
b93.6,1993,nome,93nome201,sesa,bharrington,1993-06-01,,4,,float
b94.6,1994,nome,94nome41,sesa,bharrington,1994-06-08,,4,,float
b93.6,1993,nome,93nome203,wesa,,1993-06-01,,4,,hatch
b93.5,1993,nome,93nome114,wesa,bharrington,1993-05-29,,4,,float
b93.6,1993,nome,93nome320,sesa,,1993-06-04,,4,,lay
b93.5,1993,nome,93nome400,sesa,bharrington,1993-05-28,,4,,float
b93.6,1993,nome,93nome134,sesa,,1993-06-08,,3,,
b93.6,1993,nome,93nome323,wesa,,1993-06-05,,4,,hatch
b96.6,1996,nome,96nome24,sesa,,1996-06-03,,4,,hatch
b93.6,1993,nome,93nome325,sesa,bharrington,1993-06-06,,3,,float
b93.6,1993,nome,93nome135,wesa,bharrington,1993-06-08,,4,,float
b93.6,1993,nome,93nome137,sesa,,1993-06-10,,4,,hatch
b93.6,1993,nome,93nome131,sesa,bharrington,1993-06-06,,3,,float
b93.6,1993,nome,93nome335,sesa,,1993-06-13,,3,,hatch
b94.6,1994,nome,94nome128,sesa,bharrington,1994-06-11,,3,,float
b97.6,1997,nome,97nome312,wesa,,1997-06-01,,4,,
b95.5,1995,nome,95nome4,sesa,,1995-05-23,,4,,lay
b94.6,1994,nome,94nome37,sesa,bharrington,1994-06-03,,3,,float
b93.5,1993,nome,93nome109,sesa,bharrington,1993-05-28,,4,,float
b93.5,1993,nome,93nome115,wesa,bharrington,1993-05-29,,4,,float
b93.5,1993,nome,93nome118,wesa,,1993-05-30,,4,,lay
b94.5,1994,nome,94nome1,wesa,,1994-05-18,,4,,lay
b95.5,1995,nome,95nome1,wesa,,1995-05-20,,4,,lay
b96.5,1996,nome,96nome106,wesa,bharrington,1996-05-27,,4,,float
b94.5,1994,nome,94nome308,wesa,bharrington,1994-05-24,,4,,float
b93.5,1993,nome,93nome403,wesa,bharrington,1993-05-31,,4,,float
b95.6,1995,nome,95nome34,wesa,,1995-06-04,,4,,hatch
b96.6,1996,nome,96nome23,wesa,,1996-06-03,,4,,hatch
b93.5,1993,nome,93nome120,wesa,bharrington,1993-05-31,,7,,float
b94.6,1994,nome,94nome38,sesa,bharrington,1994-06-05,,4,,float
b93.6,1993,nome,93nome405,sesa,,1993-06-01,,4,,hatch
b94.5,1994,nome,94nome100,wesa,,1994-05-21,,4,,lay
b93.6,1993,nome,93nome406,wesa,bharrington,1993-06-01,,4,,float
b93.5,1993,nome,93nome307,sesa,,1993-05-29,,4,,lay
b94.5,1994,nome,94nome301,wesa,,1994-05-21,,4,,lay
b97.5,1997,nome,97nome31,wesa,,1997-05-25,,4,,
b95.5,1995,nome,95nome203,wesa,bharrington,1995-05-24,,4,,float
b93.6,1993,nome,93nome324,wesa,,1993-06-06,,4,,hatch
b94.5,1994,nome,94nome105,wesa,,1994-05-26,,4,,hatch
b97.5,1997,nome,97nome307,wesa,,1997-05-22,,4,,
b93.5,1993,nome,93nome107,wesa,,1993-05-28,,4,,hatch
b93.5,1993,nome,93nome11,sesa,bharrington,1993-05-29,,4,,float
b93.5,1993,nome,93nome7,wesa,bharrington,1993-05-27,,4,,float
b96.5,1996,nome,96nome5,wesa,bharrington,1996-05-23,,4,,float
b94.5,1994,nome,94nome27,wesa,,1994-05-28,,4,,hatch
b95.5,1995,nome,95nome103,sesa,,1995-05-29,,4,,hatch
b93.5,1993,nome,93nome10,sesa,bharrington,1993-05-29,,4,,float
b94.5,1994,nome,94nome14,sesa,bharrington,1994-05-26,,4,,float
b94.6,1994,nome,94nome118,sesa,bharrington,1994-06-05,,3,,float
b93.5,1993,nome,93nome308,sesa,bharrington,1993-05-30,,4,,float
b93.6,1993,nome,93nome316,wesa,,1993-06-03,,4,,lay
b94.5,1994,nome,94nome6,wesa,bharrington,1994-05-23,,4,,float
b93.6,1993,nome,93nome21,wesa,,1993-06-04,,2,,
b94.6,1994,nome,94nome32,wesa,,1994-06-01,,4,,hatch
b95.6,1995,nome,95nome128,wesa,,1995-06-12,,4,,hatch
b96.6,1996,nome,96nome15,wesa,,1996-06-02,,4,,hatch
b93.6,1993,nome,93nome321,wesa,,1993-06-05,,4,,
b93.5,1993,nome,93nome100,wesa,,1993-05-28,,4,,lay
b93.6,1993,nome,93nome326,wesa,,1993-06-08,,4,,hatch
b93.5,1993,nome,93nome112,sesa,bharrington,1993-05-29,,4,,float
b94.6,1994,nome,94nome324,sesa,,1994-06-05,,4,,hatch
b95.6,1995,nome,95nome35,wesa,,1995-06-05,,4,,lay
b93.6,1993,nome,93nome22,wesa,bharrington,1993-06-04,,4,,float
b94.5,1994,nome,94nome104,wesa,bharrington,1994-05-26,,4,,float
b93.5,1993,nome,93nome14,wesa,,1993-05-30,,4,,hatch
b93.6,1993,nome,93nome319,sesa,bharrington,1993-06-04,,4,,float
b94.6,1994,nome,94nome115,sesa,bharrington,1994-06-01,,3,,float
b95.6,1995,nome,95nome224,sesa,,1995-06-07,,4,,lay
b93.6,1993,nome,93nome127,sesa,bharrington,1993-06-04,,4,,float
b98.6,1998,nome,98nome54,wesa,,1998-06-02,,4,,hatch
b93.6,1993,nome,93nome318,wesa,,1993-06-04,,3,,lay
b93.6,1993,nome,93nome24,wesa,bharrington,1993-06-06,,4,,float
b93.6,1993,nome,93nome26,wesa,,1993-06-06,,4,,hatch
b94.5,1994,nome,94nome307,wesa,,1994-05-24,,4,,lay
b93.6,1993,nome,93nome317,sesa,,1993-06-03,,4,,hatch
b93.6,1993,nome,93nome133,sesa,,1993-06-08,,3,,hatch
b93.6,1993,nome,93nome140,wesa,,1993-06-14,,4,,hatch
b93.6,1993,nome,93nome501,sesa,bharrington,1993-06-06,,4,,float
b93.6,1993,nome,93nome139,sesa,bharrington,1993-06-10,,4,,float
b93.6,1993,nome,93nome330,sesa,,1993-06-11,,4,,hatch
b95.5,1995,nome,95nome7,sesa,,1995-05-26,,2,,lay
b93.6,1993,nome,93nome322,sesa,,1993-06-05,,4,,hatch
b95.5,1995,nome,95nome100,wesa,,1995-05-26,,3,,hatch
b96.5,1996,nome,96nome100,wesa,bharrington,1996-05-22,,3,,float
b93.6,1993,nome,93nome404,wesa,,1993-06-01,,3,,lay
b94.5,1994,nome,94nome111,sesa,bharrington,1994-05-29,,3,,float
b95.5,1995,nome,95nome214,sesa,bharrington,1995-05-31,,4,,float
b93.6,1993,nome,93nome132,sesa,,1993-06-06,,4,,
b94.6,1994,nome,94nome209,sesa,bharrington,1994-06-08,,3,,float
b96.6,1996,nome,96nome39,sesa,,1996-06-16,,4,,hatch
b93.6,1993,nome,93nome202,sesa,,1993-06-03,,3,,lay
b94.6,1994,nome,94nome121,sesa,bharrington,1994-06-06,,4,,float
b93.6,1993,nome,93nome125,sesa,,1993-06-01,,4,,hatch
b95.5,1995,nome,95nome22,sesa,bharrington,1995-05-30,,4,,float
b93.5,1993,nome,93nome113,sesa,bharrington,1993-05-29,,4,,float
b94.6,1994,nome,94nome43,sesa,,1994-06-08,,4,,hatch
b93.5,1993,nome,93nome310,wesa,,1993-05-31,,4,,hatch
b93.6,1993,nome,93nome328,wesa,,1993-06-10,,4,,hatch
b96.6,1996,nome,96nome116,wesa,,1996-06-04,,4,,
b94.5,1994,nome,94nome309,wesa,,1994-05-25,,4,,hatch
b95.5,1995,nome,95nome206,wesa,,1995-05-26,,4,,hatch
b93.5,1993,nome,93nome305,wesa,bharrington,1993-05-29,,4,,float
b97.5,1997,nome,97nome103,wesa,,1997-05-23,,4,,
b93.6,1993,nome,93nome329,wesa,,1993-06-11,,4,,
b93.6,1993,nome,93nome331,sesa,,1993-06-11,,4,,
b94.6,1994,nome,94nome328,wesa,,1994-06-06,,4,,hatch
b93.6,1993,nome,93nome332,wesa,,1993-06-12,,3,,
b93.6,1993,nome,93nome129,wesa,bharrington,1993-06-04,,4,,float
b93.6,1993,nome,93nome315,sesa,,1993-06-03,,4,,hatch
b93.6,1993,nome,93nome136,sesa,,1993-06-08,,4,,hatch
b94.5,1994,nome,94nome19,wesa,bharrington,1994-05-28,,4,,float
b95.5,1995,nome,95nome15,wesa,bharrington,1995-05-29,,4,,float
b93.6,1993,nome,93nome327,wesa,,1993-06-08,,4,,hatch
b93.5,1993,nome,93nome311,sesa,,1993-05-31,,4,,hatch
b94.6,1994,nome,94nome33,sesa,bharrington,1994-06-02,,4,,float
b95.6,1995,nome,95nome302,sesa,,1995-06-04,,4,,hatch
b93.6,1993,nome,93nome336,sesa,,1993-06-13,,4,,hatch
b95.6,1995,nome,95nome31,wesa,bharrington,1995-06-03,,3,,float
b96.5,1996,nome,96nome204,wesa,,1996-05-26,,4,,hatch
b93.6,1993,nome,93nome411,wesa,,1993-06-15,,4,,hatch
b94.5,1994,nome,94nome4,wesa,,1994-05-22,,4,,hatch
b95.6,1995,nome,95nome118,sesa,,1995-06-07,,4,,hatch
b95.6,1995,nome,95nome116,sesa,,1995-06-04,,4,,lay
b96.6,1996,nome,96nome38,sesa,,1996-06-14,,4,,hatch
b93.6,1993,nome,93nome410,wesa,,1993-06-15,,4,,hatch
b96.6,1996,nome,96nome114,wesa,bharrington,1996-06-03,,4,,float
b99.6,1999,nome,99nome9,sesa,,1999-06-16,,4,,hatch
b11.6,2011,eaba,11eababbc01,bbpl,abankert,2011-06-23,searcher,4,,
b11.6,2011,eaba,11eababbh01,bbpl,dkessler,2011-06-28,searcher,4,5.0,float
b13.7,2013,eaba,13eababbs02,bbpl,rlanctot,2013-07-04,searcher,4,3.0,hatch
b11.6,2011,eaba,11eabartm03,rutu,dkessler,2011-06-26,searcher,4,1.0,hatch
b13.7,2013,eaba,13eabarul03,rutu,rlanctot,2013-07-05,searcher,4,12.0,float
b11.7,2011,eaba,11eabarth05,rutu,bhill,2011-07-08,searcher,4,12.0,float
b09.6,2009,nome,09nome09nome17,wesa,jflamarre,2009-06-02,,4,,float
b09.6,2009,nome,09nome09nome30,wesa,jflamarre,2009-06-07,,4,,float
b09.6,2009,nome,09nome09nome13,wesa,jflamarre,2009-06-01,,4,,float
b09.6,2009,nome,09nome09nome24,sesa,jflamarre,2009-06-05,,4,,float
b09.6,2009,nome,09nome09nome29,wesa,jflamarre,2009-06-05,,4,,hatch
b09.6,2009,nome,09nome09nome26,wesa,jflamarre,2009-06-05,,3,,hatch
b09.5,2009,nome,09nome09nome4,wesa,,2009-05-30,,4,,hatch
b09.6,2009,nome,09nome09nome43,wesa,jflamarre,2009-06-11,,4,,float
b09.6,2009,nome,09nome09nome21,wesa,jflamarre,2009-06-04,,3,,
b09.6,2009,nome,09nome09nome20,wesa,jflamarre,2009-06-04,,3,,
b09.6,2009,nome,09nome09nome34,wesa,jflamarre,2009-06-07,,4,,float
b09.6,2009,nome,09nome09nome27,wesa,jflamarre,2009-06-05,,4,,hatch
b09.6,2009,nome,09nome09nome44,wesa,jflamarre,2009-06-12,,4,,hatch
b09.6,2009,nome,09nome09nome45,wesa,jflamarre,2009-06-13,,4,,float
b09.5,2009,nome,09nome09nome10,wesa,bharrington,2009-05-31,,4,,float
b09.6,2009,nome,09nome09nome41,sesa,jflamarre,2009-06-11,,4,,float
b09.6,2009,nome,09nome09nome42,wesa,jflamarre,2009-06-11,,3,,hatch
b09.6,2009,nome,09nome09nome48,wesa,jflamarre,2009-06-15,,3,,float
b09.6,2009,nome,09nome09nome12,wesa,jflamarre,2009-06-01,,4,,float
b08.6,2008,nome,08nome08nome15,wesa,edastrous,2008-06-04,,4,,float
b09.6,2009,nome,09nome09nome11,wesa,jflamarre,2009-06-01,,4,,hatch
b09.6,2009,nome,09nome09nome14,wesa,jflamarre,2009-06-01,,4,,float
b08.6,2008,nome,08nome08nome16,wesa,edastrous,2008-06-04,,4,,float
b08.6,2008,nome,08nome08nome17,wesa,edastrous,2008-06-04,,4,,float
b09.5,2009,nome,09nome09nome2,wesa,,2009-05-30,,4,,hatch
b08.6,2008,nome,08nome08nome21,wesa,edastrous,2008-06-05,,4,,float
b08.6,2008,nome,08nome08nome7,wesa,edastrous,2008-06-04,,4,,float
b08.6,2008,nome,08nome08nome9,wesa,edastrous,2008-06-04,,4,,float
b08.6,2008,nome,08nome08nome19,wesa,edastrous,2008-06-04,,4,,float
b08.6,2008,nome,08nome08nome24,wesa,edastrous,2008-06-06,,4,,float
b08.6,2008,nome,08nome08nome27,wesa,edastrous,2008-06-07,,3,,float
b08.6,2008,nome,08nome08nome1,wesa,edastrous,2008-06-03,,4,,float
b08.6,2008,nome,08nome08nome20,wesa,edastrous,2008-06-05,,3,,float
b08.6,2008,nome,08nome08nome23,wesa,edastrous,2008-06-05,,4,,float
b08.6,2008,nome,08nome08nome5,wesa,edastrous,2008-06-03,,3,,float
b08.6,2008,nome,08nome08nome31,wesa,edastrous,2008-06-07,,4,,float
b08.6,2008,nome,08nome08nome34,wesa,edastrous,2008-06-07,,4,,float
b08.6,2008,nome,08nome08nome13,wesa,edastrous,2008-06-04,,4,,float
b08.6,2008,nome,08nome08nome2,wesa,edastrous,2008-06-03,,2,,float
b09.6,2009,nome,09nome09nome19,wesa,jflamarre,2009-06-03,,4,,float
b08.6,2008,nome,08nome08nome6,wesa,edastrous,2008-06-03,,4,,float
b09.5,2009,nome,09nome09nome8,wesa,bharrington,2009-05-31,,4,,float
b08.6,2008,nome,08nome08nome12,wesa,edastrous,2008-06-04,,4,,float
b09.6,2009,nome,09nome09nome32,wesa,jflamarre,2009-06-07,,4,,float
b08.6,2008,nome,08nome08nome36,wesa,edastrous,2008-06-07,,4,,float
b09.6,2009,nome,09nome09nome40,wesa,jflamarre,2009-06-11,,4,,float
b09.6,2009,nome,09nome09nome50,wesa,jflamarre,2009-06-16,,4,,
b98.5,1998,nome,98nome49,wesa,bharrington,1998-05-31,,4,,float
b99.5,1999,nome,99nome198,wesa,,1999-05-30,,4,,hatch
b14.7,2014,chur,14DB03,sepl,dhodkinson,2014-07-11,,3,,
b13.6,2013,chur,13DBBLUFFS01,sepl,dkessler,2013-06-22,,4,,
b14.6,2014,chur,14MP04,sepl,vloverti,2014-06-21,,4,,
b14.6,2014,chur,14PR01,sepl,dkessler,2014-06-25,,4,,
b14.6,2014,chur,14BB01,sepl,vloverti,2014-06-13,,4,,
b13.6,2013,chur,13PB04,sepl,amould,2013-06-27,,4,,
b14.6,2014,chur,14DB01,sepl,vloverti,2014-06-13,,4,,
b13.6,2013,chur,13PR01,sepl,rlanctot,2013-06-04,,4,,
b13.6,2013,chur,13LL02,sepl,vloverti,2013-06-11,,4,,
b13.6,2013,chur,13TL01,sepl,vloverti,2013-06-13,,4,,
b13.6,2013,chur,13MP05R,sepl,dkessler,2013-06-22,,3,,
b14.6,2014,chur,14PB02,sepl,vloverti,2014-06-19,,4,,
b13.6,2013,chur,13GB02,sepl,vloverti,2013-06-15,,4,,
b13.6,2013,chur,13MP03,sepl,vloverti,2013-06-11,,4,,
b13.6,2013,chur,13MP06,sepl,vloverti,2013-06-14,,4,,
b13.6,2013,chur,13HP02,sepl,dkessler,2013-06-18,,4,,
b14.6,2014,chur,14MP01,sepl,vloverti,2014-06-12,,1,,
b13.6,2013,chur,13PB01,sepl,dkessler,2013-06-23,,4,,
b13.6,2013,chur,13BB01,sepl,amould,2013-06-24,,4,,
b14.6,2014,chur,14BC01,sepl,dkessler,2014-06-23,,4,,
b14.8,2014,chur,14BC02,sepl,mballvanzee,2014-08-02,,,,
b13.6,2013,chur,13PB02,sepl,dkessler,2013-06-23,,4,,
b13.6,2013,chur,13LL05,sepl,dkessler,2013-06-22,,3,,
b14.7,2014,chur,14PB04,sepl,kkalasz,2014-07-02,,3,,
b13.6,2013,chur,13MP01R,sepl,dkessler,2013-06-18,,4,,
b14.6,2014,chur,14EP02,sepl,vloverti,2014-06-20,,4,,
b14.6,2014,chur,14LL03,sepl,vloverti,2014-06-19,,3,,
b14.6,2014,chur,14GB01,sepl,dkessler,2014-06-24,,4,,
b14.6,2014,chur,14GB02,sepl,dkessler,2014-06-25,,4,,
b14.6,2014,chur,14EP03,sepl,vloverti,2014-06-20,,3,,
b14.6,2014,chur,14LL04,sepl,rlanctot,2014-06-28,,4,,
b14.6,2014,chur,14DB02,sepl,rlanctot,2014-06-27,,3,,
b14.6,2014,chur,14MP05,sepl,rlanctot,2014-06-28,,4,,
b14.6,2014,chur,14GB03,sepl,dkessler,2014-06-25,,4,,
b14.6,2014,chur,14PB03,sepl,vloverti,2014-06-19,,4,,
b14.7,2014,chur,14CD01,sepl,dhodkinson,2014-07-05,,4,,
b99.6,1999,nome,99nome39,wesa,,1999-06-02,,3,,hatch
b98.5,1998,nome,98nome46,wesa,,1998-05-31,,4,,hatch
b98.5,1998,nome,98nome43,wesa,,1998-05-30,,4,,hatch
b95.5,1995,nome,95nome207,wesa,,1995-05-27,,4,,lay
b98.5,1998,nome,98nome53,wesa,,1998-05-31,,4,,hatch
b97.5,1997,nome,97nome37,wesa,,1997-05-25,,4,,
b98.6,1998,nome,98nome105,wesa,bharrington,1998-06-07,,4,,float
b97.5,1997,nome,97nome110,wesa,,1997-05-23,,4,,
b98.7,1998,nome,98nome7,sesa,,1998-07-02,,3,,hatch
b95.6,1995,nome,95nome124,sesa,,1995-06-09,,4,,hatch
b99.6,1999,nome,99nome74,wesa,,1999-06-08,,4,,hatch
b99.5,1999,nome,99nome199,wesa,,1999-05-29,,4,,hatch
b98.6,1998,nome,98nome61,wesa,,1998-06-03,,4,,hatch
